row_id,slug,name,status,team_slug,rank,team,pos,mins,rating,start_pct,xgi_l5,xgi,goals,assists,g_a,xg,xa,def_actions,price,owned_pct,next1_venue,next1_opp,next1_date,next2_venue,next2_opp,next2_date,next3_venue,next3_opp,next3_date
427097,erling-haaland,Haaland,,manchester-city,1,MCI,CF,289,8.1,100,3.7,3.71,3,0,3,3.06,0.65,12,15.5,71.2,A,MUN,2026-09-13,H,SUN,2026-09-20,A,LIV,2026-10-10
747859,luka-vuskovic,Vušković,,brighton,2,BHA,CB,293,8.0,100,0.4,0.44,1,0,1,0.44,0.00,40,5.0,3.3,A,COV,2026-09-13,H,ARS,2026-09-19,A,SUN,2026-10-10
397074,marc-guehi,Guéhi,,manchester-city,3,MCI,CB,289,8.0,100,0.7,0.66,1,0,1,0.31,0.35,27,6.0,18.4,A,MUN,2026-09-13,H,SUN,2026-09-20,A,LIV,2026-10-10
596287,konstantinos-tzolakis,Tzolakis,,hull-city,4,HUL,GK,289,7.7,100,0.0,0.00,0,0,0,0.00,0.00,0,4.6,9.8,A,CHE,2026-09-12,A,NEW,2026-09-19,H,EVE,2026-10-10
387702,elliott-anderson,Anderson,,manchester-city,5,MCI,DM,244,7.7,100,0.6,0.64,0,0,0,0.10,0.54,17,6.3,4.3,A,MUN,2026-09-13,H,SUN,2026-09-20,A,LIV,2026-10-10
582972,rayan-cherki,Cherki,,manchester-city,6,MCI,CAM,182,7.6,67,1.9,1.91,2,2,4,1.03,0.88,2,7.8,29.3,A,MUN,2026-09-13,H,SUN,2026-09-20,A,LIV,2026-10-10
399599,alexander-isak,Isak,,liverpool,7,LIV,CF,267,7.5,100,2.9,2.87,3,0,3,2.58,0.29,4,9.1,23.2,H,FUL,2026-09-12,A,BOU,2026-09-20,H,MCI,2026-10-10
297621,david-raya,Raya,,arsenal,8,ARS,GK,298,7.5,100,0.0,0.00,0,0,0,0.00,0.00,3,6.0,39.1,A,SUN,2026-09-12,A,BHA,2026-09-19,H,LEE,2026-10-10
844244,nobel-mendy,Mendy,,hull-city,9,HUL,CB,205,7.4,100,0.4,0.36,1,0,1,0.36,0.00,49,4.1,8.1,A,CHE,2026-09-12,A,NEW,2026-09-19,H,EVE,2026-10-10
732998,jack-hinshelwood,Hinshelwood,Inj,brighton,10,BHA,CAM,69,7.4,100,1.2,1.22,2,0,2,1.22,0.00,2,6.0,0.9,A,COV,2026-09-13,H,ARS,2026-09-19,A,SUN,2026-10-10
243588,bruno-fernandes,Fernandes,,manchester-united,11,MUN,CAM,298,7.3,100,3.1,3.14,3,1,4,2.53,0.61,7,12.0,43.2,H,MCI,2026-09-13,A,FUL,2026-09-20,H,TOT,2026-10-10
476382,dominik-szoboszlai,Szoboszlai,,liverpool,12,LIV,DM,298,7.3,100,2.1,2.11,1,0,1,1.02,1.09,24,7.0,38.5,H,FUL,2026-09-12,A,BOU,2026-09-20,H,MCI,2026-10-10
367622,vitaly-janelt,Janelt,,brentford,13,BRE,DM,296,7.3,100,1.4,1.41,2,0,2,1.02,0.39,34,5.0,2.2,A,BOU,2026-09-12,H,CHE,2026-09-18,A,AVL,2026-10-10
379209,declan-rice,Rice,,arsenal,14,ARS,DM,256,7.3,100,0.4,0.37,0,1,1,0.07,0.30,16,7.4,13.1,A,SUN,2026-09-12,A,BHA,2026-09-19,H,LEE,2026-10-10
302292,martin-odegaard,Ødegaard,,arsenal,15,ARS,CAM,233,7.3,100,1.7,1.74,2,0,2,0.79,0.95,5,6.7,17.6,A,SUN,2026-09-12,A,BHA,2026-09-19,H,LEE,2026-10-10
400575,marcus-tavernier,Tavernier,,bournemouth,16,BOU,LW,287,7.2,100,1.6,1.58,2,0,2,1.30,0.28,9,6.0,3.6,H,BRE,2026-09-12,H,LIV,2026-09-20,A,CHE,2026-10-10
586894,iliman-cheikh-ndiaye,Ndiaye,,manchester-city,17,MCI,RW,287,7.2,100,0.8,0.81,0,1,1,0.52,0.29,14,5.9,9.0,A,MUN,2026-09-13,H,SUN,2026-09-20,A,LIV,2026-10-10
557788,wesley-fofana,Fofana,,chelsea,18,CHE,CB,170,7.2,100,0.0,0.00,0,0,0,0.00,0.00,34,5.0,0.2,H,HUL,2026-09-12,A,BRE,2026-09-18,H,BOU,2026-10-10
568412,josko-gvardiol,Gvardiol,,manchester-city,19,MCI,LB,270,7.2,100,0.4,0.39,1,1,2,0.27,0.12,13,5.6,19.9,A,MUN,2026-09-13,H,SUN,2026-09-20,A,LIV,2026-10-10
454388,bryan-mbeumo,Mbeumo,,manchester-united,20,MUN,RW,298,7.2,100,2.5,2.50,2,0,2,1.70,0.80,10,7.9,23.9,H,MCI,2026-09-13,A,FUL,2026-09-20,H,TOT,2026-10-10
551497,cole-palmer,Palmer,,chelsea,21,CHE,CAM,282,7.2,100,2.3,2.28,2,1,3,1.62,0.66,9,9.7,26.6,H,HUL,2026-09-12,A,BRE,2026-09-18,H,BOU,2026-10-10
589075,mats-wieffer,Wieffer,Inj,brighton,22,BHA,RB,168,7.2,100,0.3,0.29,0,0,0,0.17,0.12,17,5.0,0.3,A,COV,2026-09-13,H,ARS,2026-09-19,A,SUN,2026-10-10
419213,cody-gakpo,Gakpo,Dbt,liverpool,23,LIV,LW,273,7.2,100,2.0,2.05,1,3,4,0.84,1.21,17,7.2,13.0,H,FUL,2026-09-12,A,BOU,2026-09-20,H,MCI,2026-10-10
596942,keane-lewis-potter,Lewis-Potter,,brentford,24,BRE,LB,291,7.1,100,1.7,1.68,1,1,2,0.84,0.84,22,5.5,2.1,A,BOU,2026-09-12,H,CHE,2026-09-18,A,AVL,2026-10-10
258154,ruben-dias,Dias,,manchester-city,25,MCI,CB,289,7.1,100,1.4,1.40,0,0,0,0.66,0.74,13,5.5,1.8,A,MUN,2026-09-13,H,SUN,2026-09-20,A,LIV,2026-10-10
807014,diego-alexander-gomez,Gómez,,brighton,26,BHA,RW,284,7.1,100,1.1,1.15,0,1,1,0.77,0.38,16,5.0,4.9,A,COV,2026-09-13,H,ARS,2026-09-19,A,SUN,2026-10-10
520291,bukayo-saka,Saka,,arsenal,27,ARS,RW,266,7.1,100,1.8,1.83,2,0,2,1.76,0.07,9,9.5,11.5,A,SUN,2026-09-12,A,BHA,2026-09-19,H,LEE,2026-10-10
446423,ben-white,White,,arsenal,28,ARS,RB,298,7.0,100,0.5,0.55,0,1,1,0.27,0.28,18,5.5,7.6,A,SUN,2026-09-12,A,BHA,2026-09-19,H,LEE,2026-10-10
579610,georginio-rutter,Rutter,Dbt,brighton,29,BHA,CF,100,7.0,100,0.7,0.73,0,1,1,0.16,0.57,8,5.4,0.6,A,COV,2026-09-13,H,ARS,2026-09-19,A,SUN,2026-10-10
824994,joshua-david-steven-king,King,,fulham,30,FUL,CAM,289,7.0,100,1.3,1.32,2,0,2,0.86,0.46,12,5.5,1.2,A,LIV,2026-09-12,H,MUN,2026-09-20,A,IPS,2026-10-10
415917,gabriel-magalhaes,Magalhaes,,arsenal,31,ARS,CB,298,7.0,100,0.8,0.78,0,0,0,0.78,0.00,32,8.0,24.1,A,SUN,2026-09-12,A,BHA,2026-09-19,H,LEE,2026-10-10
425925,kai-havertz,Havertz,,arsenal,32,ARS,CF,281,7.0,100,0.9,0.85,2,1,3,0.52,0.33,7,7.5,8.0,A,SUN,2026-09-12,A,BHA,2026-09-19,H,LEE,2026-10-10
898049,malick-junior-yalcouye,Yalcouyé,,brighton,33,BHA,CAM,179,7.0,67,1.0,0.97,1,0,1,0.79,0.18,11,4.5,3.3,A,COV,2026-09-13,H,ARS,2026-09-19,A,SUN,2026-10-10
447408,kiernan-dewsbury-hall,Dewsbury-Hall,,everton,34,EVE,CAM,296,7.0,100,1.1,1.10,1,0,1,0.59,0.51,12,6.5,4.6,A,TOT,2026-09-12,H,IPS,2026-09-19,A,HUL,2026-10-10
542200,riccardo-calafiori,Calafiori,,arsenal,35,ARS,LB,256,7.0,100,1.5,1.50,0,2,2,0.71,0.79,13,5.8,49.0,A,SUN,2026-09-12,A,BHA,2026-09-19,H,LEE,2026-10-10
341973,nordi-mukiele,Mukiele,,sunderland,36,SUN,RB,200,7.0,100,0.0,0.00,0,0,0,0.00,0.00,48,5.5,2.2,H,ARS,2026-09-12,A,MCI,2026-09-20,H,BHA,2026-10-10
692544,kobbie-mainoo,Mainoo,,manchester-united,37,MUN,DM,198,7.0,67,0.3,0.31,0,1,1,0.26,0.05,16,5.5,1.4,H,MCI,2026-09-13,A,FUL,2026-09-20,H,TOT,2026-10-10
653730,abdukodir-khusanov,Khusanov,,manchester-city,38,MCI,RB,283,7.0,100,0.0,0.00,0,0,0,0.00,0.00,23,5.5,1.6,A,MUN,2026-09-13,H,SUN,2026-09-20,A,LIV,2026-10-10
350999,gianluigi-donnarumma,Donnarumma,,manchester-city,39,MCI,GK,289,6.9,100,0.0,0.00,0,0,0,0.00,0.00,1,5.5,7.5,A,MUN,2026-09-13,H,SUN,2026-09-20,A,LIV,2026-10-10
345829,caoimhin-kelleher,Kelleher,,brentford,40,BRE,GK,296,6.9,100,0.0,0.00,0,0,0,0.00,0.00,1,5.0,6.6,A,BOU,2026-09-12,H,CHE,2026-09-18,A,AVL,2026-10-10
600189,julio-cesar-enciso,Enciso,,ipswich-town,41,IPS,CAM,272,6.9,100,1.7,1.68,0,2,2,0.88,0.80,8,5.5,0.9,A,CRY,2026-09-12,A,EVE,2026-09-19,H,FUL,2026-10-10
527303,zion-suzuki,Suzuki,,aston-villa,42,AVL,GK,195,6.9,100,0.0,0.00,0,0,0,0.00,0.00,1,5.0,1.8,H,NFO,2026-09-12,A,TOT,2026-09-19,H,BRE,2026-10-10
296888,olivier-boscagli,Boscagli,,brighton,43,BHA,LB,292,6.9,100,0.5,0.51,0,0,0,0.08,0.43,21,4.5,0.3,A,COV,2026-09-13,H,ARS,2026-09-19,A,SUN,2026-10-10
621113,lewis-hall,Hall,,newcastle-united,44,NEW,LB,289,6.8,100,0.1,0.13,0,1,1,0.04,0.09,53,5.2,13.5,A,LEE,2026-09-14,H,HUL,2026-09-19,A,COV,2026-10-10
7848,damian-emiliano-martinez,Martínez,,chelsea,45,CHE,GK,198,6.8,100,0.0,0.00,0,0,0,0.00,0.00,0,5.0,5.2,H,HUL,2026-09-12,A,BRE,2026-09-18,H,BOU,2026-10-10
825003,mikey-moore,Moore,Loa,tottenham-hotspur,46,TOT,RW,94,6.8,50,0.5,0.47,0,0,0,0.47,0.00,4,5.0,0.1,H,EVE,2026-09-12,H,AVL,2026-09-19,A,MUN,2026-10-10
590342,lukas-hornicek,Horníček,,newcastle-united,47,NEW,GK,295,6.8,100,0.0,0.00,0,0,0,0.00,0.00,0,5.0,1.4,A,LEE,2026-09-14,H,HUL,2026-09-19,A,COV,2026-10-10
470834,neco-williams,Williams,,nottingham-forest,48,NFO,LWB,292,6.8,100,0.5,0.54,0,1,1,0.00,0.54,34,5.0,8.1,A,AVL,2026-09-12,H,COV,2026-09-19,A,CRY,2026-10-10
563527,maxim-de-cuyper,D. Cuyper,,brighton,49,BHA,LW,261,6.8,100,2.0,2.05,1,1,2,0.93,1.12,11,4.8,22.0,A,COV,2026-09-13,H,ARS,2026-09-19,A,SUN,2026-10-10
361163,mathias-jensen,Jensen,Inj,brentford,50,BRE,CAM,69,6.8,100,0.6,0.61,0,0,0,0.04,0.57,5,5.4,0.1,A,BOU,2026-09-12,H,CHE,2026-09-18,A,AVL,2026-10-10
370,virgil-van-dijk,v. Dijk,,liverpool,51,LIV,CB,298,6.8,100,0.6,0.63,0,0,0,0.63,0.00,23,6.5,17.2,H,FUL,2026-09-12,A,BOU,2026-09-20,H,MCI,2026-10-10
560137,james-trafford,Trafford,,leeds-united,52,LEE,GK,286,6.8,100,0.0,0.00,0,0,0,0.00,0.00,1,5.0,5.4,H,NEW,2026-09-14,H,CRY,2026-09-19,A,ARS,2026-10-10
263802,youri-tielemans,Tielemans,,manchester-united,53,MUN,DM,269,6.8,100,1.0,1.01,0,0,0,0.91,0.10,15,5.9,1.7,H,MCI,2026-09-13,A,FUL,2026-09-20,H,TOT,2026-10-10
743480,tarik-muharemovic,Muharemović,,leeds-united,54,LEE,CB,286,6.8,100,0.1,0.13,0,0,0,0.13,0.00,62,5.0,3.7,H,NEW,2026-09-14,H,CRY,2026-09-19,A,ARS,2026-10-10
557406,antoine-semenyo,Semenyo,,manchester-city,55,MCI,LW,289,6.8,100,1.2,1.18,0,2,2,0.35,0.83,8,8.4,16.5,A,MUN,2026-09-13,H,SUN,2026-09-20,A,LIV,2026-10-10
447205,phil-foden,Foden,,manchester-city,56,MCI,RW,211,6.8,67,2.2,2.17,0,2,2,0.95,1.22,10,7.0,4.1,A,MUN,2026-09-13,H,SUN,2026-09-20,A,LIV,2026-10-10
609113,romeo-lavia,Lavia,,chelsea,57,CHE,CM,202,6.8,100,1.4,1.38,1,0,1,1.24,0.14,17,5.0,0.2,H,HUL,2026-09-12,A,BRE,2026-09-18,H,BOU,2026-10-10
491344,morgan-elliot-rogers,Rogers,,chelsea,58,CHE,CAM,277,6.7,100,2.5,2.51,2,1,3,1.14,1.37,7,7.6,33.4,H,HUL,2026-09-12,A,BRE,2026-09-18,H,BOU,2026-10-10
479155,nathan-collins,Collins,Inj,brentford,59,BRE,CB,209,6.7,100,0.7,0.68,0,0,0,0.52,0.16,27,5.5,1.5,A,BOU,2026-09-12,H,CHE,2026-09-18,A,AVL,2026-10-10
386292,axel-disasi,Disasi,,crystal-palace,60,CRY,CB,115,6.7,50,0.2,0.16,0,0,0,0.00,0.16,16,4.5,0.1,H,IPS,2026-09-12,A,LEE,2026-09-19,H,NFO,2026-10-10
8135,luke-shaw,Shaw,Dbt,manchester-united,61,MUN,LB,269,6.7,100,0.7,0.74,0,1,1,0.02,0.72,28,4.4,12.3,H,MCI,2026-09-13,A,FUL,2026-09-20,H,TOT,2026-10-10
780739,victor-munoz,Muñoz,,liverpool,62,LIV,RW,202,6.7,67,1.1,1.14,1,0,1,0.74,0.40,10,6.5,1.2,H,FUL,2026-09-12,A,BOU,2026-09-20,H,MCI,2026-10-10
496823,pedro-neto,Neto,,chelsea,63,CHE,RWB,173,6.7,67,1.1,1.08,1,0,1,0.58,0.50,11,6.5,1.4,H,HUL,2026-09-12,A,BRE,2026-09-18,H,BOU,2026-10-10
10131,jordan-pickford,Pickford,,everton,64,EVE,GK,298,6.7,100,0.2,0.24,0,0,0,0.00,0.24,0,5.5,8.6,A,TOT,2026-09-12,H,IPS,2026-09-19,A,HUL,2026-10-10
448389,anton-stach,Stach,,leeds-united,65,LEE,CM,286,6.7,100,0.3,0.33,1,0,1,0.33,0.00,44,6.0,2.8,H,NEW,2026-09-14,H,CRY,2026-09-19,A,ARS,2026-10-10
546431,enzo-le-fee,L. Fée,,sunderland,66,SUN,CAM,278,6.7,100,1.5,1.48,1,0,1,1.07,0.41,15,5.8,4.5,H,ARS,2026-09-12,A,MCI,2026-09-20,H,BHA,2026-10-10
576405,jack-clarke,Clarke,,ipswich-town,67,IPS,LW,51,6.7,0,0.3,0.28,1,0,1,0.28,0.00,7,5.4,0.2,A,CRY,2026-09-12,A,EVE,2026-09-19,H,FUL,2026-10-10
551442,pedro-porro,Porro,Dbt,tottenham-hotspur,68,TOT,RB,192,6.7,100,0.3,0.31,0,0,0,0.29,0.02,18,5.5,11.0,H,EVE,2026-09-12,H,AVL,2026-09-19,A,MUN,2026-10-10
234411,oluwasemilogo-ajayi,Ajayi,,hull-city,69,HUL,CB,258,6.7,100,0.8,0.81,1,0,1,0.81,0.00,31,4.2,12.3,A,CHE,2026-09-12,A,NEW,2026-09-19,H,EVE,2026-10-10
470747,ronald-federico-araujo,Araújo,,liverpool,70,LIV,RB,144,6.7,33,0.0,0.00,0,0,0,0.00,0.00,15,5.4,2.6,H,FUL,2026-09-12,A,BOU,2026-09-20,H,MCI,2026-10-10
590781,jan-paul-van-hecke,v. Hecke,,tottenham-hotspur,71,TOT,CB,287,6.7,100,0.4,0.41,0,0,0,0.41,0.00,24,4.9,6.8,H,EVE,2026-09-12,H,AVL,2026-09-19,A,MUN,2026-10-10
397178,marcus-rashford,Rashford,,manchester-united,72,MUN,LW,206,6.7,67,1.2,1.16,0,0,0,0.43,0.73,10,7.0,1.6,H,MCI,2026-09-13,A,FUL,2026-09-20,H,TOT,2026-10-10
644806,emersonn,Emersonn,,ipswich-town,73,IPS,CF,185,6.7,100,0.7,0.71,1,0,1,0.55,0.16,9,5.5,1.7,A,CRY,2026-09-12,A,EVE,2026-09-19,H,FUL,2026-10-10
412027,ezri-konsa,Konsa,,arsenal,74,ARS,CB,120,6.7,50,0.0,0.00,0,0,0,0.00,0.00,9,4.5,16.2,A,SUN,2026-09-12,A,BHA,2026-09-19,H,LEE,2026-10-10
49876,granit-xhaka,Xhaka,,sunderland,75,SUN,DM,297,6.7,100,0.3,0.34,0,0,0,0.00,0.34,19,5.5,4.2,H,ARS,2026-09-12,A,MCI,2026-09-20,H,BHA,2026-10-10
9097,lewis-dunk,Dunk,,brighton,76,BHA,CB,293,6.7,100,0.0,0.00,0,0,0,0.00,0.00,25,4.5,1.4,A,COV,2026-09-13,H,ARS,2026-09-19,A,SUN,2026-10-10
644804,andrey-santos,Santos,,manchester-united,77,MUN,DM,100,6.7,33,0.0,0.00,0,0,0,0.00,0.00,15,4.9,0.7,H,MCI,2026-09-13,A,FUL,2026-09-20,H,TOT,2026-10-10
279717,279717,Maitland-Niles,,everton,78,EVE,RB,19,6.7,0,0.1,0.07,1,0,1,0.07,0.00,2,4.5,0.3,A,TOT,2026-09-12,H,IPS,2026-09-19,A,HUL,2026-10-10
590629,christos-tzolis,Tzolis,,arsenal,79,ARS,LW,226,6.6,100,0.9,0.86,0,0,0,0.49,0.37,10,6.4,16.1,A,SUN,2026-09-12,A,BHA,2026-09-19,H,LEE,2026-10-10
763364,jeremy-jacquet,Jacquet,,liverpool,80,LIV,CB,250,6.6,100,0.0,0.00,0,0,0,0.00,0.00,22,5.0,2.7,H,FUL,2026-09-12,A,BOU,2026-09-20,H,MCI,2026-10-10
9433,james-tarkowski,Tarkowski,,everton,81,EVE,CB,298,6.6,100,0.1,0.14,1,0,1,0.14,0.00,43,6.0,11.5,A,TOT,2026-09-12,H,IPS,2026-09-19,A,HUL,2026-10-10
683194,thierno-barry,Barry,,everton,82,EVE,CF,255,6.6,100,2.1,2.14,1,0,1,1.94,0.20,9,5.6,6.0,A,TOT,2026-09-12,H,IPS,2026-09-19,A,HUL,2026-10-10
566474,anthony-david-elanga,Elanga,,newcastle-united,83,NEW,RW,242,6.6,100,1.3,1.29,2,0,2,0.50,0.79,11,6.2,11.2,A,LEE,2026-09-14,H,HUL,2026-09-19,A,COV,2026-10-10
508021,jorge-cuenca,Cuenca,,fulham,84,FUL,CB,96,6.6,100,0.2,0.17,0,0,0,0.00,0.17,16,4.5,0.0,A,LIV,2026-09-12,H,MUN,2026-09-20,A,IPS,2026-10-10
470680,jacob-ramsey,Ramsey,,newcastle-united,85,NEW,DM,88,6.6,0,0.2,0.23,1,0,1,0.23,0.00,7,4.9,0.4,A,LEE,2026-09-14,H,HUL,2026-09-19,A,COV,2026-10-10
488962,costinha,Costinha,,brighton,86,BHA,RB,62,6.6,0,0.3,0.33,0,0,0,0.16,0.17,6,4.5,0.0,A,COV,2026-09-13,H,ARS,2026-09-19,A,SUN,2026-10-10
350976,ben-chilwell,Chilwell,,crystal-palace,87,CRY,LWB,17,6.6,0,0.4,0.42,1,0,1,0.42,0.00,0,4.5,0.5,H,IPS,2026-09-12,A,LEE,2026-09-19,H,NFO,2026-10-10
677949,yasin-abbas-ayari,Ayari,,brighton,88,BHA,DM,164,6.6,100,0.4,0.44,0,0,0,0.32,0.12,10,5.4,0.4,A,COV,2026-09-13,H,ARS,2026-09-19,A,SUN,2026-10-10
134308,chuba-akpom,Akpom,,ipswich-town,89,IPS,CF,80,6.6,0,0.5,0.47,1,0,1,0.47,0.00,2,5.0,1.2,A,CRY,2026-09-12,A,EVE,2026-09-19,H,FUL,2026-10-10
658798,rico-henry-mark-lewis,Lewis,,manchester-city,90,MCI,RB,60,6.6,100,0.3,0.29,0,0,0,0.29,0.00,3,4.4,0.2,A,MUN,2026-09-13,H,SUN,2026-09-20,A,LIV,2026-10-10
822917,joshua-kofi-acheampong,Acheampong,,chelsea,91,CHE,CB,224,6.6,67,0.0,0.00,0,0,0,0.00,0.00,28,4.5,0.4,H,HUL,2026-09-12,A,BRE,2026-09-18,H,BOU,2026-10-10
346158,eddie-nketiah,Nketiah,,crystal-palace,92,CRY,CAM,180,6.6,100,1.4,1.43,0,1,1,0.71,0.72,8,5.5,0.7,H,IPS,2026-09-12,A,LEE,2026-09-19,H,NFO,2026-10-10
596046,aaron-hickey,Hickey,,brentford,93,BRE,RB,74,6.6,0,0.0,0.00,0,0,0,0.00,0.00,11,4.5,0.1,A,BOU,2026-09-12,H,CHE,2026-09-18,A,AVL,2026-10-10
448614,liam-millar,Millar,Loa,hull-city,94,HUL,LW,61,6.6,0,0.4,0.43,1,0,1,0.43,0.00,4,5.0,0.0,A,CHE,2026-09-12,A,NEW,2026-09-19,H,EVE,2026-10-10
700018,michael-olabode-kayode,Kayode,,brentford,95,BRE,RB,221,6.6,100,1.2,1.19,1,0,1,1.19,0.00,25,4.6,8.8,A,BOU,2026-09-12,H,CHE,2026-09-18,A,AVL,2026-10-10
481911,alexis-mac-allister,M. Allister,,liverpool,96,LIV,DM,203,6.6,67,0.2,0.19,0,0,0,0.11,0.08,16,5.4,1.4,H,FUL,2026-09-12,A,BOU,2026-09-20,H,MCI,2026-10-10
349142,noussair-mazraoui,Mazraoui,,manchester-united,97,MUN,RB,111,6.6,33,0.3,0.25,0,0,0,0.25,0.00,7,4.4,0.6,H,MCI,2026-09-13,A,FUL,2026-09-20,H,TOT,2026-10-10
491413,daniel-munoz,Muñoz,,nottingham-forest,98,NFO,RWB,95,6.6,50,0.3,0.33,0,0,0,0.33,0.00,9,5.4,5.6,A,AVL,2026-09-12,H,COV,2026-09-19,A,CRY,2026-10-10
604320,jarrad-branthwaite,Branthwaite,,everton,99,EVE,CB,298,6.6,100,0.2,0.21,0,0,0,0.21,0.00,36,5.5,1.9,A,TOT,2026-09-12,H,IPS,2026-09-19,A,HUL,2026-10-10
8394,john-egan,Egan,,hull-city,100,HUL,CB,289,6.6,100,0.0,0.00,0,0,0,0.00,0.00,59,4.1,6.3,A,CHE,2026-09-12,A,NEW,2026-09-19,H,EVE,2026-10-10
531456,hayden-hackney,Hackney,,everton,101,EVE,DM,138,6.6,33,0.3,0.30,0,1,1,0.10,0.20,9,5.5,0.2,A,TOT,2026-09-12,H,IPS,2026-09-19,A,HUL,2026-10-10
933026,ayden-heaven,Heaven,,manchester-united,102,MUN,CB,98,6.6,100,0.0,0.05,0,0,0,0.05,0.00,14,4.4,0.3,H,MCI,2026-09-13,A,FUL,2026-09-20,H,TOT,2026-10-10
424949,kouassi-ryan-sessegnon,Sessegnon,,fulham,103,FUL,RB,61,6.6,0,0.6,0.61,0,0,0,0.41,0.20,6,4.4,0.3,A,LIV,2026-09-12,H,MUN,2026-09-20,A,IPS,2026-10-10
522222,kevin-schade,Schade,,brentford,104,BRE,LW,291,6.6,100,1.7,1.68,1,0,1,0.92,0.76,8,6.0,3.6,A,BOU,2026-09-12,H,CHE,2026-09-18,A,AVL,2026-10-10
660489,shea-charles,Charles,,fulham,105,FUL,DM,131,6.6,33,0.4,0.42,0,0,0,0.26,0.16,10,5.0,0.1,A,LIV,2026-09-12,H,MUN,2026-09-20,A,IPS,2026-10-10
659288,mouhamadou-habib-diarra,Diarra,Inj,sunderland,106,SUN,CF,34,6.5,0,0.3,0.30,0,1,1,0.01,0.29,1,5.4,0.0,H,ARS,2026-09-12,A,MCI,2026-09-20,H,BHA,2026-10-10
344181,kostas-tsimikas,Tsimikas,,liverpool,107,LIV,LB,24,6.5,0,0.1,0.11,0,0,0,0.11,0.00,1,4.9,0.1,H,FUL,2026-09-12,A,BOU,2026-09-20,H,MCI,2026-10-10
645055,noah-sadiki,Sadiki,,sunderland,108,SUN,DM,275,6.5,100,1.1,1.07,0,0,0,0.75,0.32,18,4.9,0.3,H,ARS,2026-09-12,A,MCI,2026-09-20,H,BHA,2026-10-10
222220,andrew-robertson,Robertson,,tottenham-hotspur,109,TOT,LB,198,6.5,67,0.3,0.26,0,0,0,0.00,0.26,23,4.4,2.7,H,EVE,2026-09-12,H,AVL,2026-09-19,A,MUN,2026-10-10
350868,lewie-coyle,Coyle,,hull-city,110,HUL,RWB,186,6.5,100,0.0,0.00,0,0,0,0.00,0.00,15,4.0,0.6,A,CHE,2026-09-12,A,NEW,2026-09-19,H,EVE,2026-10-10
239411,tyrone-mings,Mings,,aston-villa,111,AVL,CB,115,6.5,50,0.6,0.62,0,0,0,0.62,0.00,8,4.5,0.4,H,NFO,2026-09-12,A,TOT,2026-09-19,H,BRE,2026-10-10
688446,chadi-riad,Riad,Inj,crystal-palace,112,CRY,CB,78,6.5,100,0.0,0.00,0,0,0,0.00,0.00,13,4.4,0.0,H,IPS,2026-09-12,A,LEE,2026-09-19,H,NFO,2026-10-10
590472,benjamin-sesko,Šeško,,manchester-united,113,MUN,CF,74,6.5,0,0.5,0.45,1,0,1,0.45,0.00,0,7.0,1.7,H,MCI,2026-09-13,A,FUL,2026-09-20,H,TOT,2026-10-10
579007,kasey-mc-ateer,McAteer,,ipswich-town,114,IPS,RW,58,6.5,0,0.0,0.05,0,0,0,0.05,0.00,4,4.5,1.2,A,CRY,2026-09-12,A,EVE,2026-09-19,H,FUL,2026-10-10
400367,victor-torp,Torp,,coventry-city,115,COV,CM,53,6.5,0,0.2,0.18,0,0,0,0.00,0.18,4,5.4,0.1,H,BHA,2026-09-13,A,NFO,2026-09-19,H,NEW,2026-10-10
739094,daniel-david-jebbison,Jebbison,,bournemouth,116,BOU,CF,25,6.5,0,0.1,0.11,0,0,0,0.11,0.00,0,5.0,0.1,H,BRE,2026-09-12,H,LIV,2026-09-20,A,CHE,2026-10-10
776857,tyrique-george,George,,everton,117,EVE,LW,255,6.5,100,0.9,0.93,1,0,1,0.48,0.45,8,5.5,0.6,A,TOT,2026-09-12,H,IPS,2026-09-19,A,HUL,2026-10-10
367922,sander-gard-berge,Berge,,fulham,118,FUL,DM,193,6.5,67,0.1,0.08,0,0,0,0.06,0.02,9,4.9,0.3,A,LIV,2026-09-12,H,MUN,2026-09-20,A,IPS,2026-10-10
493183,ao-tanaka,Tanaka,,leeds-united,119,LEE,CM,122,6.5,50,0.8,0.79,0,0,0,0.10,0.69,16,4.9,0.2,H,NEW,2026-09-14,H,CRY,2026-09-19,A,ARS,2026-10-10
532949,dwight-mc-neil,McNeil,,crystal-palace,120,CRY,CAM,93,6.5,50,0.1,0.06,0,0,0,0.06,0.00,7,5.4,0.1,H,IPS,2026-09-12,A,LEE,2026-09-19,H,NFO,2026-10-10
11051,jack-grealish,Grealish,,manchester-city,121,MCI,LW,43,6.5,0,0.1,0.07,0,0,0,0.02,0.05,2,6.5,0.4,A,MUN,2026-09-13,H,SUN,2026-09-20,A,LIV,2026-10-10
536067,noni-madueke,Madueke,,arsenal,122,ARS,RW,31,6.5,0,0.2,0.24,0,0,0,0.00,0.24,1,6.3,0.2,A,SUN,2026-09-12,A,BHA,2026-09-19,H,LEE,2026-10-10
447187,daniel-ballard,Ballard,,sunderland,123,SUN,CB,297,6.5,100,0.1,0.10,0,0,0,0.10,0.00,37,4.9,3.2,H,ARS,2026-09-12,A,MCI,2026-09-20,H,BHA,2026-10-10
636157,robin-roefs,Roefs,,sunderland,124,SUN,GK,297,6.5,100,0.0,0.00,0,0,0,0.00,0.00,0,5.0,2.9,H,ARS,2026-09-12,A,MCI,2026-09-20,H,BHA,2026-10-10
475597,sven-botman,Botman,,newcastle-united,125,NEW,CB,295,6.5,100,0.0,0.00,0,0,0,0.00,0.00,41,5.0,0.7,A,LEE,2026-09-14,H,HUL,2026-09-19,A,COV,2026-10-10
37897,matz-willy-els-sels,Sels,,nottingham-forest,126,NFO,GK,292,6.5,100,0.0,0.00,0,0,0,0.00,0.00,1,5.0,1.4,A,AVL,2026-09-12,H,COV,2026-09-19,A,CRY,2026-10-10
532892,tyrick-mitchell,Mitchell,,crystal-palace,127,CRY,LWB,278,6.5,100,0.8,0.84,2,0,2,0.70,0.14,31,4.5,6.7,H,IPS,2026-09-12,A,LEE,2026-09-19,H,NFO,2026-10-10
760912,nilson-david-angulo,Angulo,,sunderland,128,SUN,LW,199,6.5,100,0.2,0.19,1,0,1,0.13,0.06,6,5.0,0.1,H,ARS,2026-09-12,A,MCI,2026-09-20,H,BHA,2026-10-10
69404,mateo-kovacic,Kovačić,,manchester-city,129,MCI,DM,51,6.5,0,0.0,0.00,0,0,0,0.00,0.00,1,5.4,0.1,A,MUN,2026-09-13,H,SUN,2026-09-20,A,LIV,2026-10-10
590721,matteo-ruggeri,Ruggeri,,aston-villa,130,AVL,LB,32,6.5,0,0.1,0.12,0,0,0,0.00,0.12,0,4.5,0.1,H,NFO,2026-09-12,A,TOT,2026-09-19,H,BRE,2026-10-10
486252,aaron-wan-bissaka,Wan-Bissaka,,aston-villa,131,AVL,RB,29,6.5,0,0.0,0.00,0,0,0,0.00,0.00,6,4.5,0.2,H,NFO,2026-09-12,A,TOT,2026-09-19,H,BRE,2026-10-10
448645,morgan-gibbs-white,Gibbs-White,,nottingham-forest,132,NFO,CAM,292,6.5,100,1.5,1.52,1,1,2,1.35,0.17,12,7.9,9.4,A,AVL,2026-09-12,H,COV,2026-09-19,A,CRY,2026-10-10
412968,marcos-senesi,Senesi,,tottenham-hotspur,133,TOT,CB,95,6.5,100,0.0,0.00,0,0,0,0.00,0.00,18,5.9,4.5,H,EVE,2026-09-12,H,AVL,2026-09-19,A,MUN,2026-10-10
568962,ibrahim-osman,Osman,,brighton,134,BHA,LW,38,6.5,0,0.1,0.06,0,0,0,0.00,0.06,1,5.0,0.0,A,COV,2026-09-13,H,ARS,2026-09-19,A,SUN,2026-10-10
589103,matheus-nunes,Nunes,,manchester-city,135,MCI,RB,38,6.5,0,0.0,0.00,0,0,0,0.00,0.00,3,5.9,0.9,A,MUN,2026-09-13,H,SUN,2026-09-20,A,LIV,2026-10-10
753577,trey-nyoni,Nyoni,,liverpool,136,LIV,DM,29,6.5,0,0.0,0.00,0,0,0,0.00,0.00,2,4.9,0.0,H,FUL,2026-09-12,A,BOU,2026-09-20,H,MCI,2026-10-10
625907,625907,Larsson,,fulham,137,FUL,CM,15,6.5,0,0.4,0.39,0,0,0,0.39,0.00,0,5.0,0.0,A,LIV,2026-09-12,H,MUN,2026-09-20,A,IPS,2026-10-10
512982,matheus-cunha,Cunha,,manchester-united,138,MUN,CF,237,6.5,100,0.4,0.45,0,1,1,0.35,0.10,7,7.9,6.6,H,MCI,2026-09-13,A,FUL,2026-09-20,H,TOT,2026-10-10
240378,temitayo-olufisayo-aina,Aina,,nottingham-forest,139,NFO,RWB,227,6.5,100,0.6,0.56,0,0,0,0.04,0.52,24,4.5,2.6,A,AVL,2026-09-12,H,COV,2026-09-19,A,CRY,2026-10-10
364082,exequiel-alejandro-palacios,Palacios,,ipswich-town,140,IPS,DM,118,6.5,50,0.1,0.10,0,0,0,0.00,0.10,7,5.0,0.0,A,CRY,2026-09-12,A,EVE,2026-09-19,H,FUL,2026-10-10
339789,mikel-merino,Merino,,arsenal,141,ARS,CAM,64,6.5,0,0.1,0.12,0,0,0,0.12,0.00,0,5.8,0.4,A,SUN,2026-09-12,A,BHA,2026-09-19,H,LEE,2026-10-10
747910,william-idamudia-osula,Osula,Inj,newcastle-united,142,NEW,CF,57,6.5,100,0.3,0.27,0,1,1,0.27,0.00,7,5.9,0.4,A,LEE,2026-09-14,H,HUL,2026-09-19,A,COV,2026-10-10
544093,nick-woltemade,Woltemade,Loa,newcastle-united,143,NEW,CF,22,6.5,0,0.1,0.09,0,0,0,0.09,0.00,2,5.9,0.6,A,LEE,2026-09-14,H,HUL,2026-09-19,A,COV,2026-10-10
652211,652211,Fofana,,sunderland,144,SUN,LW,21,6.5,0,0.0,0.00,0,0,0,0.00,0.00,0,5.5,0.0,H,ARS,2026-09-12,A,MCI,2026-09-20,H,BHA,2026-10-10
8981,will-hughes,Hughes,,crystal-palace,145,CRY,CM,17,6.5,0,0.0,0.00,0,0,0,0.00,0.00,4,4.5,8.5,H,IPS,2026-09-12,A,LEE,2026-09-19,H,NFO,2026-10-10
824992,shea-lacey,Lacey,,manchester-united,146,MUN,RW,16,6.5,0,0.0,0.00,0,0,0,0.00,0.00,1,4.9,0.1,H,MCI,2026-09-13,A,FUL,2026-09-20,H,TOT,2026-10-10
236528,nico-elvedi,Elvedi,,leeds-united,147,LEE,CB,153,6.5,50,0.6,0.55,0,0,0,0.00,0.55,17,4.5,0.0,H,NEW,2026-09-14,H,CRY,2026-09-19,A,ARS,2026-10-10
600184,enzo-jeremias-fernandez,Fernández,,manchester-city,148,MCI,DM,106,6.5,50,0.4,0.40,0,0,0,0.31,0.09,7,6.9,3.2,A,MUN,2026-09-13,H,SUN,2026-09-20,A,LIV,2026-10-10
769441,leny-yoro,Yoro,,manchester-united,149,MUN,RB,37,6.5,0,0.0,0.00,0,0,0,0.00,0.00,7,4.9,0.5,H,MCI,2026-09-13,A,FUL,2026-09-20,H,TOT,2026-10-10
600964,tatsuhiro-sakamoto,Sakamoto,,coventry-city,150,COV,RW,36,6.5,0,0.0,0.00,0,0,0,0.00,0.00,3,4.9,0.1,H,BHA,2026-09-13,A,NFO,2026-09-19,H,NEW,2026-10-10
832518,ayyoub-bouaddi,Bouaddi,,manchester-city,151,MCI,DM,33,6.5,0,0.0,0.00,0,0,0,0.00,0.00,4,5.5,0.2,A,MUN,2026-09-13,H,SUN,2026-09-20,A,LIV,2026-10-10
631400,631400,Barcola,,liverpool,152,LIV,LW,31,6.5,0,0.3,0.30,0,0,0,0.00,0.30,1,8.0,2.1,H,FUL,2026-09-12,A,BOU,2026-09-20,H,MCI,2026-10-10
258591,omar-federico-alderete,Alderete,,sunderland,153,SUN,CB,27,6.5,0,0.0,0.00,0,0,0,0.00,0.00,1,4.9,0.3,H,ARS,2026-09-12,A,MCI,2026-09-20,H,BHA,2026-10-10
614501,moises-isaac-caicedo,Caicedo,Inj,chelsea,154,CHE,CM,18,6.5,0,0.0,0.00,0,0,0,0.00,0.00,0,5.4,1.5,H,HUL,2026-09-12,A,BRE,2026-09-18,H,BOU,2026-10-10
536494,mykhailo-mudryk,Mudryk,Inj,tottenham-hotspur,155,TOT,LW,17,6.5,0,0.0,0.00,0,0,0,0.00,0.00,0,5.4,0.1,H,EVE,2026-09-12,H,AVL,2026-09-19,A,MUN,2026-10-10
1213717,zadok-yohanna,Yohanna,Inj,brighton,156,BHA,RW,16,6.5,0,0.0,0.00,0,0,0,0.00,0.00,0,4.9,0.1,A,COV,2026-09-13,H,ARS,2026-09-19,A,SUN,2026-10-10
447978,ryan-giles,Giles,,hull-city,157,HUL,LWB,279,6.5,100,0.5,0.45,0,0,0,0.00,0.45,17,4.0,1.6,A,CHE,2026-09-12,A,NEW,2026-09-19,H,EVE,2026-10-10
497356,wilson-isidor,Isidor,,sunderland,158,SUN,CF,89,6.5,0,0.9,0.89,1,0,1,0.89,0.00,1,5.5,1.5,H,ARS,2026-09-12,A,MCI,2026-09-20,H,BHA,2026-10-10
692413,guemissongui-abdoul-ouattara,Ouattara,,ipswich-town,159,IPS,DM,54,6.5,0,0.1,0.07,0,0,0,0.00,0.07,2,4.0,0.9,A,CRY,2026-09-12,A,EVE,2026-09-19,H,FUL,2026-10-10
559904,hidemasa-morita,Morita,Inj,hull-city,160,HUL,CM,48,6.5,100,0.0,0.00,0,0,0,0.00,0.00,4,5.0,0.0,A,CHE,2026-09-12,A,NEW,2026-09-19,H,EVE,2026-10-10
547582,piero-martin-hincapie,Hincapié,,arsenal,161,ARS,LB,42,6.5,0,0.0,0.00,0,0,0,0.00,0.00,2,5.3,1.0,A,SUN,2026-09-12,A,BHA,2026-09-19,H,LEE,2026-10-10
447228,emile-smith-rowe,S. Rowe,,fulham,162,FUL,RW,32,6.5,0,0.1,0.08,0,0,0,0.08,0.00,1,5.4,0.3,A,LIV,2026-09-12,H,MUN,2026-09-20,A,IPS,2026-10-10
284302,james-maddison,Maddison,,tottenham-hotspur,163,TOT,CAM,27,6.5,0,0.0,0.00,0,0,0,0.00,0.00,1,6.3,0.4,H,EVE,2026-09-12,H,AVL,2026-09-19,A,MUN,2026-10-10
782782,chris-rigg,Rigg,,sunderland,164,SUN,RW,26,6.5,0,0.0,0.00,0,0,0,0.00,0.00,0,4.9,0.1,H,ARS,2026-09-12,A,MCI,2026-09-20,H,BHA,2026-10-10
766567,lewis-koumas,Koumas,,liverpool,165,LIV,CAM,24,6.5,0,0.1,0.09,0,0,0,0.09,0.00,0,5.0,0.0,H,FUL,2026-09-12,A,BOU,2026-09-20,H,MCI,2026-10-10
780274,aladji-bamba,Bamba,,newcastle-united,166,NEW,DM,23,6.5,0,0.0,0.00,0,0,0,0.00,0.00,2,4.9,0.1,A,LEE,2026-09-14,H,HUL,2026-09-19,A,COV,2026-10-10
653425,lamare-bogarde,Bogarde,,aston-villa,167,AVL,CM,21,6.5,0,0.0,0.00,0,0,0,0.00,0.00,1,5.0,0.1,H,NFO,2026-09-12,A,TOT,2026-09-19,H,BRE,2026-10-10
817094,alex-laszlo-toth,Tóth,,bournemouth,168,BOU,CAM,19,6.5,0,0.0,0.00,0,0,0,0.00,0.00,0,5.0,0.0,H,BRE,2026-09-12,H,LIV,2026-09-20,A,CHE,2026-10-10
388986,viktor-gyokeres,Gyökeres,,arsenal,169,ARS,CF,16,6.5,0,0.0,0.00,0,0,0,0.00,0.00,1,7.2,3.8,A,SUN,2026-09-12,A,BHA,2026-09-19,H,LEE,2026-10-10
375001,ibrahim-sangare,Sangaré,,nottingham-forest,170,NFO,CM,95,6.5,100,0.0,0.02,0,0,0,0.01,0.01,6,4.9,0.5,A,AVL,2026-09-12,H,COV,2026-09-19,A,CRY,2026-10-10
474083,gustavo-hamer,Hamer,,coventry-city,171,COV,CM,45,6.5,0,0.0,0.00,0,0,0,0.00,0.00,0,5.4,0.1,H,BHA,2026-09-13,A,NFO,2026-09-19,H,NEW,2026-10-10
692543,alejandro-garnacho,Garnacho,,aston-villa,172,AVL,LW,44,6.5,0,0.0,0.00,0,0,0,0.00,0.00,0,5.9,0.4,H,NFO,2026-09-12,A,TOT,2026-09-19,H,BRE,2026-10-10
346125,david-brooks,Brooks,,bournemouth,173,BOU,LW,34,6.5,0,0.0,0.00,0,0,0,0.00,0.00,1,5.0,0.1,H,BRE,2026-09-12,H,LIV,2026-09-20,A,CHE,2026-10-10
779867,779867,Fernandez-Pardo,,newcastle-united,174,NEW,CAM,32,6.5,0,0.0,0.00,0,0,0,0.00,0.00,3,6.0,0.1,A,LEE,2026-09-14,H,HUL,2026-09-19,A,COV,2026-10-10
400274,zian-flemming,Flemming,,ipswich-town,175,IPS,CF,30,6.5,0,0.0,0.01,0,0,0,0.01,0.00,0,5.5,0.0,A,CRY,2026-09-12,A,EVE,2026-09-19,H,FUL,2026-10-10
484409,484409,Thomas,,hull-city,176,HUL,LW,29,6.5,0,0.0,0.00,0,0,0,0.00,0.00,1,5.5,0.0,A,CHE,2026-09-12,A,NEW,2026-09-19,H,EVE,2026-10-10
530057,luca-netz,Netz,,nottingham-forest,177,NFO,LWB,29,6.5,0,0.0,0.00,0,0,0,0.00,0.00,4,4.5,0.0,A,AVL,2026-09-12,H,COV,2026-09-19,A,CRY,2026-10-10
766837,sindre-egeli,Egeli,,ipswich-town,178,IPS,CAM,15,6.5,0,0.0,0.00,0,0,0,0.00,0.00,0,4.5,3.5,A,CRY,2026-09-12,A,EVE,2026-09-19,H,FUL,2026-10-10
294415,reinildo,Reinildo,,sunderland,179,SUN,LB,297,6.5,100,0.3,0.29,0,0,0,0.00,0.29,37,4.5,0.4,H,ARS,2026-09-12,A,MCI,2026-09-20,H,BHA,2026-10-10
361807,rodrigo-bentancur,Bentancur,,tottenham-hotspur,180,TOT,DM,241,6.5,67,0.0,0.02,0,0,0,0.02,0.00,33,5.5,0.2,H,EVE,2026-09-12,H,AVL,2026-09-19,A,MUN,2026-10-10
669602,nicolas-jackson,Jackson,,aston-villa,181,AVL,CF,158,6.5,100,0.7,0.65,0,0,0,0.28,0.37,1,6.5,1.3,H,NFO,2026-09-12,A,TOT,2026-09-19,H,BRE,2026-10-10
903344,lucas-herrington,Herrington,,hull-city,182,HUL,CB,85,6.5,0,0.0,0.00,0,0,0,0.00,0.00,12,4.0,0.6,A,CHE,2026-09-12,A,NEW,2026-09-19,H,EVE,2026-10-10
541598,mohammed-kudus,Kudus,,tottenham-hotspur,183,TOT,RW,60,6.5,0,0.2,0.22,0,0,0,0.03,0.19,1,6.5,0.1,H,EVE,2026-09-12,H,AVL,2026-09-19,A,MUN,2026-10-10
580990,beto,Beto,Loa,everton,184,EVE,CF,43,6.5,0,0.2,0.25,0,0,0,0.25,0.00,3,5.4,1.0,A,TOT,2026-09-12,H,IPS,2026-09-19,A,HUL,2026-10-10
649607,kevin,Kevin,,fulham,185,FUL,LW,31,6.5,0,0.0,0.00,0,0,0,0.00,0.00,2,5.4,0.0,A,LIV,2026-09-12,H,MUN,2026-09-20,A,IPS,2026-10-10
639246,639246,Norton-Cuffy,,hull-city,186,HUL,RWB,29,6.5,0,0.0,0.00,0,0,0,0.00,0.00,3,4.0,0.3,A,CHE,2026-09-12,A,NEW,2026-09-19,H,EVE,2026-10-10
370937,bruno-guimaraes,Guimarães,,arsenal,187,ARS,DM,29,6.5,0,0.0,0.00,0,0,0,0.00,0.00,0,6.8,1.7,A,SUN,2026-09-12,A,BHA,2026-09-19,H,LEE,2026-10-10
471761,oscar-mingueza,Mingueza,,crystal-palace,188,CRY,RWB,22,6.5,0,0.0,0.00,0,0,0,0.00,0.00,5,4.4,0.1,H,IPS,2026-09-12,A,LEE,2026-09-19,H,NFO,2026-10-10
621020,cristhian-mosquera,Mosquera,Dbt,arsenal,189,ARS,CB,177,6.5,100,0.0,0.00,0,0,0,0.00,0.00,9,5.4,2.7,A,SUN,2026-09-12,A,BHA,2026-09-19,H,LEE,2026-10-10
214220,alisson,Alisson,,liverpool,190,LIV,GK,298,6.4,100,0.0,0.00,0,0,0,0.00,0.00,3,5.5,4.0,H,FUL,2026-09-12,A,BOU,2026-09-20,H,MCI,2026-10-10
619725,oscar-bobb,Bobb,,fulham,191,FUL,RW,226,6.4,100,1.7,1.70,0,0,0,0.59,1.11,8,5.5,0.3,A,LIV,2026-09-12,H,MUN,2026-09-20,A,IPS,2026-10-10
535824,ryan-gravenberch,Gravenberch,,liverpool,192,LIV,DM,138,6.4,33,0.1,0.08,0,1,1,0.08,0.00,9,5.9,1.3,H,FUL,2026-09-12,A,BOU,2026-09-20,H,MCI,2026-10-10
286831,dominic-solanke,Solanke,,tottenham-hotspur,193,TOT,CF,57,6.4,0,0.5,0.46,0,0,0,0.46,0.00,0,5.9,0.9,H,EVE,2026-09-12,H,AVL,2026-09-19,A,MUN,2026-10-10
343951,tammy-abraham,Abraham,,aston-villa,194,AVL,CF,37,6.4,0,0.0,0.00,0,0,0,0.00,0.00,0,5.5,0.2,H,NFO,2026-09-12,A,TOT,2026-09-19,H,BRE,2026-10-10
136704,paddy-mc-nair,McNair,,hull-city,195,HUL,CB,32,6.4,0,0.0,0.00,0,0,0,0.00,0.00,4,4.0,0.1,A,CHE,2026-09-12,A,NEW,2026-09-19,H,EVE,2026-10-10
805050,promise-oluwatobi-emmanuel-david,David,,brighton,196,BHA,CF,31,6.4,0,0.3,0.27,0,0,0,0.27,0.00,0,6.0,0.2,A,COV,2026-09-13,H,ARS,2026-09-19,A,SUN,2026-10-10
599817,joao-pedro,Pedro,,chelsea,197,CHE,CF,294,6.4,100,2.0,2.03,2,2,4,1.79,0.24,13,7.7,73.5,H,HUL,2026-09-12,A,BRE,2026-09-18,H,BOU,2026-10-10
263803,timothy-castagne,Castagne,,fulham,198,FUL,RB,264,6.4,100,0.7,0.70,0,1,1,0.30,0.40,21,4.5,0.8,A,LIV,2026-09-12,H,MUN,2026-09-20,A,IPS,2026-10-10
858760,charalampos-kostoulas,Kostoulas,,brighton,199,BHA,CF,210,6.4,67,0.8,0.76,0,0,0,0.73,0.03,9,5.5,0.5,A,COV,2026-09-13,H,ARS,2026-09-19,A,SUN,2026-10-10
524144,cody-callum-drameh,Drameh,Loa,hull-city,200,HUL,RWB,75,6.4,0,0.0,0.00,0,0,0,0.00,0.00,12,4.0,0.1,A,CHE,2026-09-12,A,NEW,2026-09-19,H,EVE,2026-10-10
583051,evann-guessand,Guessand,,crystal-palace,201,CRY,CAM,65,6.4,0,0.1,0.09,0,0,0,0.09,0.00,2,5.5,0.0,H,IPS,2026-09-12,A,LEE,2026-09-19,H,NFO,2026-10-10
282263,daniel-james,James,,leeds-united,202,LEE,RW,25,6.4,0,0.1,0.14,0,0,0,0.14,0.00,0,5.0,0.1,H,NEW,2026-09-14,H,CRY,2026-09-19,A,ARS,2026-10-10
447357,reece-james,James,,chelsea,203,CHE,CM,224,6.4,67,0.3,0.33,0,0,0,0.21,0.12,15,5.4,7.7,H,HUL,2026-09-12,A,BRE,2026-09-18,H,BOU,2026-10-10
512313,jaka-bijol,Bijol,,leeds-united,204,LEE,CB,175,6.4,67,0.4,0.36,0,0,0,0.36,0.00,29,5.0,0.8,H,NEW,2026-09-14,H,CRY,2026-09-19,A,ARS,2026-10-10
604763,iyenoma-destiny-udogie,Udogie,Dbt,tottenham-hotspur,205,TOT,LB,97,6.4,33,0.2,0.21,0,0,0,0.00,0.21,7,4.5,0.4,H,EVE,2026-09-12,H,AVL,2026-09-19,A,MUN,2026-10-10
503338,martin-zubimendi,Zubimendi,,arsenal,206,ARS,DM,70,6.4,0,0.2,0.19,0,0,0,0.19,0.00,10,5.4,0.7,A,SUN,2026-09-12,A,BHA,2026-09-19,H,LEE,2026-10-10
822849,alysson-edward,Edward,,aston-villa,207,AVL,RW,61,6.4,0,0.0,0.00,0,0,0,0.00,0.00,7,5.0,0.0,H,NFO,2026-09-12,A,TOT,2026-09-19,H,BRE,2026-10-10
359940,darnell-furlong,Furlong,,ipswich-town,208,IPS,RWB,23,6.4,0,0.0,0.00,0,0,0,0.00,0.00,4,4.0,0.5,A,CRY,2026-09-12,A,EVE,2026-09-19,H,FUL,2026-10-10
480781,james-garner,Garner,,everton,209,EVE,DM,164,6.4,67,0.1,0.08,0,0,0,0.00,0.08,14,6.0,0.1,A,TOT,2026-09-12,H,IPS,2026-09-19,A,HUL,2026-10-10
658308,mateus-fernandes,Fernandes,,tottenham-hotspur,210,TOT,CAM,156,6.4,33,0.7,0.66,0,0,0,0.01,0.65,3,5.8,1.0,H,EVE,2026-09-12,H,AVL,2026-09-19,A,MUN,2026-10-10
660295,chemsdine-talbi,Talbi,,sunderland,211,SUN,LW,36,6.4,0,0.0,0.00,0,0,0,0.00,0.00,0,5.4,0.1,H,ARS,2026-09-12,A,MCI,2026-09-20,H,BHA,2026-10-10
825281,zavier-gozo,Gozo,,crystal-palace,212,CRY,CAM,26,6.4,0,0.0,0.00,0,0,0,0.00,0.00,2,5.0,0.0,H,IPS,2026-09-12,A,LEE,2026-09-19,H,NFO,2026-10-10
365880,daichi-kamada,Kamada,,crystal-palace,213,CRY,CM,290,6.4,100,0.4,0.36,0,0,0,0.04,0.32,24,5.0,0.4,H,IPS,2026-09-12,A,LEE,2026-09-19,H,NFO,2026-10-10
383569,antonee-robinson,Robinson,,fulham,214,FUL,LB,266,6.4,100,0.5,0.48,0,0,0,0.14,0.34,27,4.5,1.4,A,LIV,2026-09-12,H,MUN,2026-09-20,A,IPS,2026-10-10
353241,lukas-nmecha,Nmecha,,leeds-united,215,LEE,CAM,46,6.4,0,0.4,0.38,0,0,0,0.38,0.00,0,5.4,0.5,H,NEW,2026-09-14,H,CRY,2026-09-19,A,ARS,2026-10-10
604319,jack-rudoni,Rudoni,,coventry-city,216,COV,CAM,163,6.4,67,0.7,0.70,0,0,0,0.35,0.35,7,5.0,0.1,H,BHA,2026-09-13,A,NFO,2026-09-19,H,NEW,2026-10-10
293686,jacob-murphy,Murphy,,newcastle-united,217,NEW,RW,54,6.4,0,0.0,0.00,0,0,0,0.00,0.00,2,5.9,0.1,A,LEE,2026-09-14,H,HUL,2026-09-19,A,COV,2026-10-10
9206,chris-wood,Wood,,nottingham-forest,218,NFO,CF,53,6.4,0,0.1,0.14,0,0,0,0.14,0.00,1,5.9,1.0,A,AVL,2026-09-12,H,COV,2026-09-19,A,CRY,2026-10-10
779565,lucas-bergvall,Bergvall,,tottenham-hotspur,219,TOT,DM,47,6.4,100,0.0,0.00,0,0,0,0.00,0.00,0,5.4,0.2,H,EVE,2026-09-12,H,AVL,2026-09-19,A,MUN,2026-10-10
423162,ethan-ampadu,Ampadu,,leeds-united,220,LEE,CM,286,6.4,100,0.1,0.12,0,0,0,0.01,0.11,33,5.4,1.0,H,NEW,2026-09-14,H,CRY,2026-09-19,A,ARS,2026-10-10
230020,alex-iwobi,Iwobi,,fulham,221,FUL,DM,278,6.4,100,0.8,0.77,0,0,0,0.07,0.70,9,5.4,0.7,A,LIV,2026-09-12,H,MUN,2026-09-20,A,IPS,2026-10-10
8246,ross-barkley,Barkley,,aston-villa,222,AVL,DM,254,6.4,100,0.8,0.80,0,0,0,0.62,0.18,11,5.0,0.3,H,NFO,2026-09-12,A,TOT,2026-09-19,H,BRE,2026-10-10
449472,mikkel-damsgaard,Damsgaard,,brentford,223,BRE,CAM,185,6.4,67,1.0,1.02,0,0,0,0.15,0.87,5,5.5,0.5,A,BOU,2026-09-12,H,CHE,2026-09-18,A,AVL,2026-10-10
346159,joe-willock,Willock,,newcastle-united,224,NEW,CAM,184,6.4,67,0.7,0.70,1,0,1,0.64,0.06,9,5.0,0.5,A,LEE,2026-09-14,H,HUL,2026-09-19,A,COV,2026-10-10
504375,maxence-lacroix,Lacroix,,chelsea,225,CHE,CB,294,6.4,100,0.4,0.39,0,1,1,0.02,0.37,37,6.0,8.1,H,HUL,2026-09-12,A,BRE,2026-09-18,H,BOU,2026-10-10
299710,jay-dasilva,Dasilva,,coventry-city,226,COV,LB,282,6.4,100,0.2,0.23,0,0,0,0.06,0.17,18,4.0,0.7,H,BHA,2026-09-13,A,NFO,2026-09-19,H,NEW,2026-10-10
447985,jayden-bogle,Bogle,,leeds-united,227,LEE,RWB,230,6.3,100,0.7,0.69,1,0,1,0.69,0.00,24,4.5,2.0,H,NEW,2026-09-14,H,CRY,2026-09-19,A,ARS,2026-10-10
621262,yegor-yarmoliuk,Yarmoliuk,,brentford,228,BRE,DM,100,6.3,0,0.1,0.08,0,0,0,0.08,0.00,7,4.9,0.8,A,BOU,2026-09-12,H,CHE,2026-09-18,A,AVL,2026-10-10
487034,eberechi-eze,Eze,,arsenal,229,ARS,LW,72,6.3,0,0.0,0.00,0,0,0,0.00,0.00,0,6.3,1.2,A,SUN,2026-09-12,A,BHA,2026-09-19,H,LEE,2026-10-10
37824,thomas-meunier,Meunier,,sunderland,230,SUN,RB,265,6.3,100,0.4,0.43,0,0,0,0.33,0.10,24,4.5,0.3,H,ARS,2026-09-12,A,MCI,2026-09-20,H,BHA,2026-10-10
586584,loum-tchaouna,Tchaouna,,coventry-city,231,COV,RW,176,6.3,67,0.3,0.25,0,0,0,0.24,0.01,9,5.4,0.1,H,BHA,2026-09-13,A,NFO,2026-09-19,H,NEW,2026-10-10
580340,merlin-rohl,Röhl,,everton,232,EVE,RB,268,6.3,100,0.3,0.34,0,0,0,0.00,0.34,24,5.0,0.0,A,TOT,2026-09-12,H,IPS,2026-09-19,A,HUL,2026-10-10
775203,jorrel-hato,Hato,,chelsea,233,CHE,LWB,230,6.3,100,0.5,0.54,0,2,2,0.12,0.42,26,4.5,1.0,H,HUL,2026-09-12,A,BRE,2026-09-18,H,BOU,2026-10-10
876149,sean-steur,Steur,,newcastle-united,234,NEW,DM,98,6.3,33,0.0,0.00,0,0,0,0.00,0.00,9,4.9,0.1,A,LEE,2026-09-14,H,HUL,2026-09-19,A,COV,2026-10-10
619987,patrick-chinazaekpere-dorgu,Dorgu,,manchester-united,235,MUN,LW,92,6.3,33,0.8,0.80,0,0,0,0.77,0.03,3,5.8,0.6,H,MCI,2026-09-13,A,FUL,2026-09-20,H,TOT,2026-10-10
661732,savinho,Savinho,,tottenham-hotspur,236,TOT,RW,63,6.3,100,0.4,0.38,0,0,0,0.05,0.33,0,6.5,0.7,H,EVE,2026-09-12,H,AVL,2026-09-19,A,MUN,2026-10-10
780691,anan-khalaili,Khalaili,,crystal-palace,237,CRY,RWB,219,6.3,67,0.7,0.72,0,0,0,0.51,0.21,41,5.0,0.3,H,IPS,2026-09-12,A,LEE,2026-09-19,H,NFO,2026-10-10
412919,joe-rodon,Rodon,Inj,leeds-united,238,LEE,CB,133,6.3,100,0.2,0.21,0,0,0,0.04,0.17,19,4.4,1.3,H,NEW,2026-09-14,H,CRY,2026-09-19,A,ARS,2026-10-10
625787,micky-van-de-ven,v. d. Ven,,tottenham-hotspur,239,TOT,CB,192,6.3,100,0.4,0.40,0,0,0,0.40,0.00,32,5.0,3.8,H,EVE,2026-09-12,H,AVL,2026-09-19,A,MUN,2026-10-10
580127,pep-chavarria,Chavarría,,chelsea,240,CHE,LWB,88,6.3,0,0.0,0.00,0,0,0,0.00,0.00,8,4.9,0.2,H,HUL,2026-09-12,A,BRE,2026-09-18,H,BOU,2026-10-10
419853,daizen-maeda,Maeda,,ipswich-town,241,IPS,LW,227,6.3,100,0.2,0.17,0,0,0,0.17,0.00,28,5.4,0.3,A,CRY,2026-09-12,A,EVE,2026-09-19,H,FUL,2026-10-10
541676,dan-ndoye,Ndoye,,nottingham-forest,242,NFO,CAM,195,6.3,100,0.5,0.54,1,0,1,0.38,0.16,7,5.5,0.6,A,AVL,2026-09-12,H,COV,2026-09-19,A,CRY,2026-10-10
447207,jeremie-frimpong,Frimpong,,liverpool,243,LIV,RB,176,6.3,100,0.3,0.26,0,0,0,0.01,0.25,8,5.4,2.3,H,FUL,2026-09-12,A,BOU,2026-09-20,H,MCI,2026-10-10
882699,rio-ngumoha,Ngumoha,,liverpool,244,LIV,RW,89,6.3,50,0.1,0.11,0,0,0,0.11,0.00,2,5.8,0.6,H,FUL,2026-09-12,A,BOU,2026-09-20,H,MCI,2026-10-10
581004,amar-dedic,Dedić,Dbt,newcastle-united,245,NEW,RB,295,6.3,100,0.1,0.14,0,1,1,0.14,0.00,34,4.5,3.1,A,LEE,2026-09-14,H,HUL,2026-09-19,A,COV,2026-10-10
627708,adrien-truffert,Truffert,,bournemouth,246,BOU,LB,293,6.3,100,0.3,0.25,0,0,0,0.00,0.25,31,5.5,3.4,H,BRE,2026-09-12,H,LIV,2026-09-20,A,CHE,2026-10-10
285506,taiwo-awoniyi,Awoniyi,,coventry-city,247,COV,CF,194,6.3,67,0.9,0.88,0,0,0,0.85,0.03,5,5.5,0.7,H,BHA,2026-09-13,A,NFO,2026-09-19,H,NEW,2026-10-10
698840,dango-ouattara,Ouattara,,brentford,248,BRE,RW,152,6.3,67,0.4,0.40,0,0,0,0.03,0.37,13,6.4,0.6,A,BOU,2026-09-12,H,CHE,2026-09-18,A,AVL,2026-10-10
477545,ephron-mason-clark,Mason-Clark,,coventry-city,249,COV,CAM,133,6.3,100,0.1,0.14,0,0,0,0.00,0.14,7,5.4,0.1,H,BHA,2026-09-13,A,NFO,2026-09-19,H,NEW,2026-10-10
8653,harry-maguire,Maguire,,manchester-united,250,MUN,CB,298,6.2,100,0.3,0.29,0,0,0,0.09,0.20,29,4.9,11.0,H,MCI,2026-09-13,A,FUL,2026-09-20,H,TOT,2026-10-10
622482,bart-verbruggen,Verbruggen,,brighton,251,BHA,GK,293,6.2,100,0.0,0.00,0,0,0,0.00,0.00,0,4.5,22.3,A,COV,2026-09-13,H,ARS,2026-09-19,A,SUN,2026-10-10
15526,pascal-gross,Groß,,brighton,252,BHA,DM,293,6.2,100,1.5,1.51,1,0,1,0.84,0.67,13,5.6,16.3,A,COV,2026-09-13,H,ARS,2026-09-19,A,SUN,2026-10-10
512281,brenden-aaronson,Aaronson,,leeds-united,253,LEE,CAM,166,6.2,67,0.0,0.02,0,0,0,0.02,0.00,11,5.4,0.6,H,NEW,2026-09-14,H,CRY,2026-09-19,A,ARS,2026-10-10
270489,luke-o-nien,O'Nien,,sunderland,254,SUN,CB,70,6.2,100,0.1,0.12,0,0,0,0.00,0.12,6,4.0,2.7,H,ARS,2026-09-12,A,MCI,2026-09-20,H,BHA,2026-10-10
598178,joao-gomes,Gomes,Ban,aston-villa,255,AVL,DM,40,6.2,100,0.1,0.08,0,0,0,0.00,0.08,8,5.5,0.0,H,NFO,2026-09-12,A,TOT,2026-09-19,H,BRE,2026-10-10
145787,joachim-christian-andersen,Andersen,,fulham,256,FUL,CB,193,6.2,100,0.1,0.15,0,0,0,0.00,0.15,23,5.0,0.1,A,LIV,2026-09-12,H,MUN,2026-09-20,A,IPS,2026-10-10
653939,marcelino-ignacio-nunez,Núñez,,ipswich-town,257,IPS,DM,146,6.2,100,0.1,0.06,0,0,0,0.00,0.06,15,5.0,0.1,A,CRY,2026-09-12,A,EVE,2026-09-19,H,FUL,2026-10-10
476034,djordje-petrovic,Petrović,,bournemouth,258,BOU,GK,293,6.2,100,0.0,0.00,0,0,0,0.00,0.00,1,4.5,3.3,H,BRE,2026-09-12,H,LIV,2026-09-20,A,CHE,2026-10-10
274487,matt-grimes,Grimes,,coventry-city,259,COV,DM,290,6.2,100,0.0,0.01,0,0,0,0.01,0.00,19,5.0,0.1,H,BHA,2026-09-13,A,NFO,2026-09-19,H,NEW,2026-10-10
404757,justin-kluivert,Kluivert,,bournemouth,260,BOU,CAM,240,6.2,100,0.8,0.76,0,0,0,0.63,0.13,8,6.0,1.0,H,BRE,2026-09-12,H,LIV,2026-09-20,A,CHE,2026-10-10
447229,ellis-simms,Simms,,coventry-city,261,COV,CF,96,6.2,50,0.3,0.28,0,0,0,0.28,0.00,4,5.0,0.8,H,BHA,2026-09-13,A,NFO,2026-09-19,H,NEW,2026-10-10
592655,leif-davis,Davis,,ipswich-town,262,IPS,LB,294,6.2,100,1.0,0.96,1,0,1,0.64,0.32,20,4.0,5.1,A,CRY,2026-09-12,A,EVE,2026-09-19,H,FUL,2026-10-10
754704,jair-cunha,Cunha,,nottingham-forest,263,NFO,CB,292,6.2,100,0.0,0.00,0,0,0,0.00,0.00,47,4.5,0.2,A,AVL,2026-09-12,H,COV,2026-09-19,A,CRY,2026-10-10
580755,liam-delap,Delap,,nottingham-forest,264,NFO,CF,106,6.2,50,0.4,0.36,0,0,0,0.19,0.17,5,5.5,0.9,A,AVL,2026-09-12,H,COV,2026-09-19,A,CRY,2026-10-10
528194,james-john-mc-atee,McAtee,,nottingham-forest,265,NFO,CM,270,6.2,100,0.6,0.61,0,0,0,0.07,0.54,17,5.5,0.1,A,AVL,2026-09-12,H,COV,2026-09-19,A,CRY,2026-10-10
684313,mamadou-sangare,Sangaré,,brentford,266,BRE,DM,226,6.2,100,0.7,0.74,0,1,1,0.39,0.35,16,5.7,13.0,A,BOU,2026-09-12,H,CHE,2026-09-18,A,AVL,2026-10-10
488453,lisandro-martinez,Martínez,,manchester-united,267,MUN,CB,200,6.2,100,0.0,0.01,0,0,0,0.01,0.00,24,5.0,1.2,H,MCI,2026-09-13,A,FUL,2026-09-20,H,TOT,2026-10-10
474104,jorgen-strand-larsen,S. Larsen,,crystal-palace,268,CRY,CF,146,6.2,33,0.3,0.29,0,0,0,0.29,0.00,6,6.0,0.6,H,IPS,2026-09-12,A,LEE,2026-09-19,H,NFO,2026-10-10
447358,conor-gallagher,Gallagher,,tottenham-hotspur,269,TOT,CAM,133,6.2,100,0.0,0.01,0,0,0,0.01,0.00,8,5.4,0.2,H,EVE,2026-09-12,H,AVL,2026-09-19,A,MUN,2026-10-10
897,marco-bizot,Bizot,,aston-villa,270,AVL,GK,100,6.2,100,0.0,0.00,0,0,0,0.00,0.00,1,4.5,0.1,H,NFO,2026-09-12,A,TOT,2026-09-19,H,BRE,2026-10-10
366720,jean-philippe-mateta,Mateta,Inj,crystal-palace,271,CRY,CF,67,6.2,100,0.8,0.78,0,0,0,0.72,0.06,4,6.4,1.7,H,IPS,2026-09-12,A,LEE,2026-09-19,H,NFO,2026-10-10
549490,senne-lammens,Lammens,,manchester-united,272,MUN,GK,298,6.2,100,0.0,0.00,0,0,0,0.00,0.00,1,5.0,11.4,H,MCI,2026-09-13,A,FUL,2026-09-20,H,TOT,2026-10-10
369589,diogo-dalot,Dalot,,manchester-united,273,MUN,RB,179,6.2,67,0.9,0.89,0,0,0,0.54,0.35,13,4.9,1.9,H,MCI,2026-09-13,A,FUL,2026-09-20,H,TOT,2026-10-10
735759,nico-o-reilly,O'Reilly,,manchester-city,274,MCI,DM,155,6.2,100,0.2,0.16,0,0,0,0.03,0.13,2,6.4,13.4,A,MUN,2026-09-13,H,SUN,2026-09-20,A,LIV,2026-10-10
446433,brandon-thomas-asante,Thomas-Asante,,coventry-city,275,COV,LW,132,6.2,33,0.0,0.00,0,0,0,0.00,0.00,10,5.0,0.8,H,BHA,2026-09-13,A,NFO,2026-09-19,H,NEW,2026-10-10
577394,florian-wirtz,Wirtz,,liverpool,276,LIV,CAM,257,6.2,100,1.4,1.42,0,1,1,1.19,0.23,7,7.4,7.9,H,FUL,2026-09-12,A,BOU,2026-09-20,H,MCI,2026-10-10
584520,nico-gonzalez,González,,manchester-city,277,MCI,DM,153,6.2,100,0.0,0.00,0,0,0,0.00,0.00,11,5.5,0.3,A,MUN,2026-09-13,H,SUN,2026-09-20,A,LIV,2026-10-10
534563,chris-richards,Richards,,crystal-palace,278,CRY,CB,295,6.2,100,0.3,0.25,0,0,0,0.25,0.00,39,5.0,0.7,H,IPS,2026-09-12,A,LEE,2026-09-19,H,NFO,2026-10-10
656446,milos-kerkez,Kerkez,,liverpool,279,LIV,LB,273,6.2,100,0.0,0.02,0,0,0,0.01,0.01,26,5.4,2.7,H,FUL,2026-09-12,A,BOU,2026-09-20,H,MCI,2026-10-10
745926,myles-lewis-skelly,Lewis-Skelly,,arsenal,280,ARS,DM,241,6.2,100,0.2,0.20,0,0,0,0.12,0.08,7,5.5,0.7,A,SUN,2026-09-12,A,BHA,2026-09-19,H,LEE,2026-10-10
424241,nikola-milenkovic,Milenković,,nottingham-forest,281,NFO,CB,292,6.2,100,0.2,0.18,0,0,0,0.18,0.00,40,5.5,1.6,A,AVL,2026-09-12,H,COV,2026-09-19,A,CRY,2026-10-10
368225,tyler-adams,Adams,,bournemouth,282,BOU,DM,123,6.2,33,0.0,0.00,0,0,0,0.00,0.00,10,5.0,0.3,H,BRE,2026-09-12,H,LIV,2026-09-20,A,CHE,2026-10-10
859493,jannik-schuster,Schuster,,brentford,283,BRE,CB,87,6.2,0,0.2,0.17,0,0,0,0.17,0.00,16,4.5,0.1,A,BOU,2026-09-12,H,CHE,2026-09-18,A,AVL,2026-10-10
732238,alex-scott,Scott,,bournemouth,284,BOU,DM,285,6.1,100,0.7,0.66,1,0,1,0.40,0.26,21,6.1,5.7,H,BRE,2026-09-12,H,LIV,2026-09-20,A,CHE,2026-10-10
282806,xaver-schlager,Schlager,,nottingham-forest,285,NFO,CM,216,6.1,67,0.0,0.04,0,0,0,0.04,0.00,18,5.0,0.1,A,AVL,2026-09-12,H,COV,2026-09-19,A,CRY,2026-10-10
377071,richarlison,Richarlison,Loa,tottenham-hotspur,286,TOT,CF,68,6.1,100,0.0,0.00,0,0,0,0.00,0.00,3,5.9,1.0,H,EVE,2026-09-12,H,AVL,2026-09-19,A,MUN,2026-10-10
578843,trai-hume,Hume,,sunderland,287,SUN,RW,209,6.1,67,0.0,0.03,0,0,0,0.02,0.01,15,4.4,3.9,H,ARS,2026-09-12,A,MCI,2026-09-20,H,BHA,2026-10-10
475600,475600,Timber,,crystal-palace,288,CRY,CM,81,6.1,100,0.3,0.33,0,0,0,0.01,0.32,6,5.0,0.0,H,IPS,2026-09-12,A,LEE,2026-09-19,H,NFO,2026-10-10
406073,vitaliy-mykolenko,Mykolenko,,everton,289,EVE,LB,298,6.1,100,0.1,0.06,0,0,0,0.00,0.06,32,4.5,2.0,A,TOT,2026-09-12,H,IPS,2026-09-19,A,HUL,2026-10-10
611738,aurele-amenda,Amenda,,coventry-city,290,COV,CB,290,6.1,100,0.0,0.02,0,0,0,0.02,0.00,32,4.0,0.8,H,BHA,2026-09-13,A,NFO,2026-09-19,H,NEW,2026-10-10
546441,antonin-kinsky,Kinský,,tottenham-hotspur,291,TOT,GK,287,6.1,100,0.0,0.00,0,0,0,0.00,0.00,4,4.5,18.2,H,EVE,2026-09-12,H,AVL,2026-09-19,A,MUN,2026-10-10
286368,yoane-wissa,Wissa,,newcastle-united,292,NEW,CF,278,6.1,100,1.3,1.30,1,1,2,1.09,0.21,11,6.2,17.7,A,LEE,2026-09-14,H,HUL,2026-09-19,A,COV,2026-10-10
524163,brennan-johnson,Johnson,,everton,293,EVE,RW,113,6.1,33,0.1,0.11,0,0,0,0.10,0.01,10,5.9,0.1,A,TOT,2026-09-12,H,IPS,2026-09-19,A,HUL,2026-10-10
386328,takehiro-tomiyasu,Tomiyasu,,crystal-palace,294,CRY,CB,102,6.1,50,0.0,0.00,0,0,0,0.00,0.00,10,4.5,0.3,H,IPS,2026-09-12,A,LEE,2026-09-19,H,NFO,2026-10-10
333618,kristoffer-ajer,Ajer,,brentford,295,BRE,CB,296,6.1,100,0.2,0.22,0,0,0,0.22,0.00,31,4.5,4.6,A,BOU,2026-09-12,H,CHE,2026-09-18,A,AVL,2026-10-10
421696,matty-cash,Cash,Dbt,aston-villa,296,AVL,RB,266,6.1,100,0.2,0.23,0,0,0,0.22,0.01,27,4.5,6.2,H,NFO,2026-09-12,A,TOT,2026-09-19,H,BRE,2026-10-10
846789,cesar-palacios,Palacios,,fulham,297,FUL,LW,219,6.1,100,2.0,2.04,1,0,1,2.04,0.00,15,5.5,0.2,A,LIV,2026-09-12,H,MUN,2026-09-20,A,IPS,2026-10-10
619747,levi-colwill,Colwill,,chelsea,298,CHE,CB,169,6.1,100,0.0,0.00,0,0,0,0.00,0.00,22,4.9,1.1,H,HUL,2026-09-12,A,BRE,2026-09-18,H,BOU,2026-10-10
424806,ethan-pinnock,Pinnock,,brentford,299,BRE,CB,113,6.1,50,0.0,0.00,0,0,0,0.00,0.00,15,4.5,0.1,A,BOU,2026-09-12,H,CHE,2026-09-18,A,AVL,2026-10-10
366217,kevin-danso,Danso,,sunderland,300,SUN,CB,105,6.1,100,0.0,0.00,0,0,0,0.00,0.00,4,5.0,0.2,H,ARS,2026-09-12,A,MCI,2026-09-20,H,BHA,2026-10-10
631944,antonio-silva,Silva,,bournemouth,301,BOU,CB,293,6.1,100,0.3,0.28,0,0,0,0.28,0.00,40,5.0,0.4,H,BRE,2026-09-12,H,LIV,2026-09-20,A,CHE,2026-10-10
595056,bobby-thomas,Thomas,,coventry-city,302,COV,CB,273,6.1,100,0.6,0.62,0,0,0,0.41,0.21,47,4.0,9.1,H,BHA,2026-09-13,A,NFO,2026-09-19,H,NEW,2026-10-10
518231,sandro-tonali,Tonali,,tottenham-hotspur,303,TOT,DM,270,6.1,100,0.1,0.05,0,0,0,0.05,0.00,15,5.4,2.5,H,EVE,2026-09-12,H,AVL,2026-09-19,A,MUN,2026-10-10
282267,harry-wilson,Wilson,,leeds-united,304,LEE,CAM,137,6.1,33,0.2,0.15,0,0,0,0.02,0.13,4,6.3,2.9,H,NEW,2026-09-14,H,CRY,2026-09-19,A,ARS,2026-10-10
448687,robert-sanchez,Sánchez,Loa,chelsea,305,CHE,GK,96,6.1,100,0.0,0.00,0,0,0,0.00,0.00,1,4.9,0.9,H,HUL,2026-09-12,A,BRE,2026-09-18,H,BOU,2026-10-10
286380,issa-diop,Diop,,ipswich-town,306,IPS,CB,294,6.1,100,0.1,0.09,0,0,0,0.00,0.09,50,4.0,14.4,A,CRY,2026-09-12,A,EVE,2026-09-19,H,FUL,2026-10-10
556175,igor-jesus,Jesus,,nottingham-forest,307,NFO,CF,228,6.1,67,0.9,0.86,0,0,0,0.86,0.00,15,5.9,2.5,A,AVL,2026-09-12,H,COV,2026-09-19,A,CRY,2026-10-10
500553,omar-marmoush,Marmoush,,manchester-city,308,MCI,CF,181,6.0,100,0.6,0.61,0,0,0,0.59,0.02,1,7.0,2.3,A,MUN,2026-09-13,H,SUN,2026-09-20,A,LIV,2026-10-10
302518,lewis-cook,Cook,,bournemouth,309,BOU,DM,171,6.0,67,0.0,0.00,0,0,0,0.00,0.00,8,5.0,0.2,H,BRE,2026-09-12,H,LIV,2026-09-20,A,CHE,2026-10-10
627012,murillo,Murillo,,nottingham-forest,310,NFO,CB,289,6.0,100,0.7,0.70,0,0,0,0.70,0.00,44,5.5,1.6,A,AVL,2026-09-12,H,COV,2026-09-19,A,CRY,2026-10-10
561186,yeremy-pino,Pino,,crystal-palace,311,CRY,CAM,205,6.0,67,0.7,0.71,0,0,0,0.05,0.66,11,5.5,0.5,H,IPS,2026-09-12,A,LEE,2026-09-19,H,NFO,2026-10-10
620468,jacob-greaves,Greaves,,ipswich-town,312,IPS,CB,294,6.0,100,0.1,0.10,0,0,0,0.00,0.10,47,4.0,1.2,A,CRY,2026-09-12,A,EVE,2026-09-19,H,FUL,2026-10-10
681063,mathys-tel,Tel,,tottenham-hotspur,313,TOT,LW,244,6.0,100,0.3,0.30,0,0,0,0.11,0.19,5,5.8,0.3,H,EVE,2026-09-12,H,AVL,2026-09-19,A,MUN,2026-10-10
472279,noah-okafor,Okafor,,leeds-united,314,LEE,CAM,162,6.0,67,0.2,0.16,0,0,0,0.03,0.13,1,5.9,0.3,H,NEW,2026-09-14,H,CRY,2026-09-19,A,ARS,2026-10-10
237269,sasa-lukic,Lukić,,ipswich-town,315,IPS,DM,271,6.0,100,0.1,0.11,0,1,1,0.06,0.05,12,5.0,0.1,A,CRY,2026-09-12,A,EVE,2026-09-19,H,FUL,2026-10-10
569092,milan-van-ewijk,v. Ewijk,,coventry-city,316,COV,RB,290,6.0,100,0.1,0.06,0,0,0,0.00,0.06,24,4.0,10.7,H,BHA,2026-09-13,A,NFO,2026-09-19,H,NEW,2026-10-10
729649,issahaku-abdul-fatawu,Fatawu,,ipswich-town,317,IPS,RW,237,6.0,100,0.8,0.77,0,1,1,0.01,0.76,13,5.5,0.2,A,CRY,2026-09-12,A,EVE,2026-09-19,H,FUL,2026-10-10
1053585,caleb-yirenkyi,Yirenkyi,,coventry-city,318,COV,CM,171,6.0,67,0.4,0.39,0,0,0,0.14,0.25,9,4.9,0.2,H,BHA,2026-09-13,A,NFO,2026-09-19,H,NEW,2026-10-10
614945,jaidon-anthony,Anthony,,brentford,319,BRE,RW,144,6.0,33,0.8,0.84,0,0,0,0.32,0.52,6,6.0,0.1,A,BOU,2026-09-12,H,CHE,2026-09-18,A,AVL,2026-10-10
521375,malick-thiaw,Thiaw,,newcastle-united,320,NEW,CB,295,6.0,100,0.0,0.00,0,0,0,0.00,0.00,37,5.0,2.1,A,LEE,2026-09-14,H,HUL,2026-09-19,A,COV,2026-10-10
614003,elliot-stroud,Stroud,,hull-city,321,HUL,LW,200,6.0,100,0.1,0.11,0,0,0,0.03,0.08,7,5.0,0.1,A,CHE,2026-09-12,A,NEW,2026-09-19,H,EVE,2026-10-10
14768,bernd-leno,Leno,,fulham,322,FUL,GK,289,6.0,100,0.0,0.00,0,0,0,0.00,0.00,0,4.5,2.9,A,LIV,2026-09-12,H,MUN,2026-09-20,A,IPS,2026-10-10
586582,lucas-gourna-douath,Gourna-Douath,,hull-city,323,HUL,CM,132,6.0,50,0.0,0.01,0,0,0,0.00,0.01,17,5.0,0.0,A,CHE,2026-09-12,A,NEW,2026-09-19,H,EVE,2026-10-10
654893,adam-james-wharton,Wharton,,crystal-palace,324,CRY,CM,295,5.9,100,0.4,0.42,0,0,0,0.00,0.42,19,5.5,0.9,H,IPS,2026-09-12,A,LEE,2026-09-19,H,NFO,2026-10-10
447424,calvin-bassey,Bassey,,fulham,325,FUL,CB,289,5.9,100,0.4,0.39,0,0,0,0.00,0.39,19,4.5,0.7,A,LIV,2026-09-12,H,MUN,2026-09-20,A,IPS,2026-10-10
723469,mohamed-elbachir-belloumi,Belloumi,,hull-city,326,HUL,RW,267,5.9,100,0.2,0.17,0,1,1,0.17,0.00,19,5.0,1.0,A,CHE,2026-09-12,A,NEW,2026-09-19,H,EVE,2026-10-10
419219,frank-onyeka,Onyeka,,coventry-city,327,COV,CM,162,5.9,100,0.0,0.00,0,0,0,0.00,0.00,7,4.9,0.1,H,BHA,2026-09-13,A,NFO,2026-09-19,H,NEW,2026-10-10
426548,gabriel-gudmundsson,Gudmundsson,,leeds-united,328,LEE,LWB,95,5.9,100,0.0,0.00,0,0,0,0.00,0.00,6,4.5,0.1,H,NEW,2026-09-14,H,CRY,2026-09-19,A,ARS,2026-10-10
412034,james-justin,Justin,,leeds-united,329,LEE,LWB,286,5.9,100,0.1,0.13,0,0,0,0.13,0.00,42,4.5,1.5,H,NEW,2026-09-14,H,CRY,2026-09-19,A,ARS,2026-10-10
448708,harvey-barnes,Barnes,,newcastle-united,330,NEW,LW,294,5.9,100,0.2,0.25,1,0,1,0.25,0.00,16,6.0,2.4,A,LEE,2026-09-14,H,HUL,2026-09-19,A,COV,2026-10-10
11296,matt-crooks,Crooks,,hull-city,331,HUL,CM,98,5.9,100,0.0,0.00,0,0,0,0.00,0.00,11,4.5,0.5,A,CHE,2026-09-12,A,NEW,2026-09-19,H,EVE,2026-10-10
767087,archie-gray,Gray,,tottenham-hotspur,332,TOT,RB,156,5.9,100,0.0,0.00,0,0,0,0.00,0.00,6,5.0,0.2,H,EVE,2026-09-12,H,AVL,2026-09-19,A,MUN,2026-10-10
802879,rayan,Rayan,,bournemouth,333,BOU,RW,281,5.9,100,0.8,0.76,0,0,0,0.62,0.14,8,6.4,1.9,H,BRE,2026-09-12,H,LIV,2026-09-20,A,CHE,2026-10-10
404756,ferdi-kadioglu,Kadıoğlu,,brighton,334,BHA,RB,177,5.9,100,0.1,0.14,0,0,0,0.14,0.00,10,4.4,1.8,A,COV,2026-09-13,H,ARS,2026-09-19,A,SUN,2026-10-10
823753,jaydee-canvot,Canvot,,crystal-palace,335,CRY,CB,295,5.9,100,0.1,0.06,0,0,0,0.06,0.00,37,4.9,0.2,H,IPS,2026-09-12,A,LEE,2026-09-19,H,NFO,2026-10-10
596845,carl-rushworth,Rushworth,,coventry-city,336,COV,GK,290,5.9,100,0.0,0.00,0,0,0,0.00,0.00,2,4.5,0.9,H,BHA,2026-09-13,A,NFO,2026-09-19,H,NEW,2026-10-10
551573,ian-maatsen,Maatsen,,aston-villa,337,AVL,LB,264,5.8,100,0.6,0.61,0,0,0,0.10,0.51,31,4.5,0.8,H,NFO,2026-09-12,A,TOT,2026-09-19,H,BRE,2026-10-10
404216,boubacar-kamara,Kamara,,aston-villa,338,AVL,DM,295,5.8,100,0.0,0.03,0,0,0,0.00,0.03,15,5.0,0.3,H,NFO,2026-09-12,A,TOT,2026-09-19,H,BRE,2026-10-10
586585,malo-gusto,Gusto,,chelsea,339,CHE,RWB,213,5.7,67,0.1,0.07,0,0,0,0.07,0.00,15,5.0,1.1,H,HUL,2026-09-12,A,BRE,2026-09-18,H,BOU,2026-10-10
930030,harrison-armstrong,Armstrong,,everton,340,EVE,DM,290,5.7,100,0.6,0.61,0,1,1,0.29,0.32,25,5.0,0.4,A,TOT,2026-09-12,H,IPS,2026-09-19,A,HUL,2026-10-10
767330,lewis-miley,Miley,,newcastle-united,341,NEW,DM,241,5.7,100,0.1,0.10,0,0,0,0.09,0.01,17,5.5,0.1,A,LEE,2026-09-14,H,HUL,2026-09-19,A,COV,2026-10-10
485406,evanilson,Evanilson,,bournemouth,342,BOU,CF,260,5.7,100,1.6,1.62,0,2,2,1.36,0.26,11,6.0,3.3,H,BRE,2026-09-12,H,LIV,2026-09-20,A,CHE,2026-10-10
293687,dominic-calvert-lewin,Calvert-Lewin,,leeds-united,343,LEE,CF,265,5.7,100,1.6,1.55,1,0,1,1.55,0.00,14,6.0,22.2,H,NEW,2026-09-14,H,CRY,2026-09-19,A,ARS,2026-10-10
824774,george-hemmings,Hemmings,,aston-villa,344,AVL,LW,248,5.7,100,0.1,0.10,0,0,0,0.10,0.00,6,4.5,1.3,H,NFO,2026-09-12,A,TOT,2026-09-19,H,BRE,2026-10-10
546657,brian-brobbey,Brobbey,,sunderland,345,SUN,CF,240,5.7,100,1.2,1.23,0,0,0,0.96,0.27,5,5.8,7.0,H,ARS,2026-09-12,A,MCI,2026-09-20,H,BHA,2026-10-10
627131,james-hill,Hill,,bournemouth,346,BOU,CB,293,5.6,100,0.6,0.62,0,0,0,0.00,0.62,28,5.5,0.8,H,BRE,2026-09-12,H,LIV,2026-09-20,A,CHE,2026-10-10
283147,dean-henderson,Henderson,,crystal-palace,347,CRY,GK,295,5.6,100,0.0,0.00,0,0,0,0.00,0.00,1,5.0,2.1,H,IPS,2026-09-12,A,LEE,2026-09-19,H,NFO,2026-10-10
626252,gonzalo-garcia,García,,fulham,348,FUL,CF,289,5.6,100,2.3,2.31,1,0,1,2.10,0.21,13,6.0,3.9,A,LIV,2026-09-12,H,MUN,2026-09-20,A,IPS,2026-10-10
473623,kjell-scherpen,Scherpen,,ipswich-town,349,IPS,GK,294,5.6,100,0.0,0.00,0,0,0,0.00,0.00,1,4.5,0.6,A,CRY,2026-09-12,A,EVE,2026-09-19,H,FUL,2026-10-10
326547,emiliano-buendia,Buendía,,aston-villa,350,AVL,CAM,272,5.5,100,0.7,0.73,0,0,0,0.55,0.18,9,5.9,1.0,H,NFO,2026-09-12,A,TOT,2026-09-19,H,BRE,2026-10-10
288865,oliver-mc-burnie,McBurnie,,hull-city,351,HUL,CF,289,5.5,100,0.8,0.82,0,0,0,0.62,0.20,17,5.5,1.9,A,CHE,2026-09-12,A,NEW,2026-09-19,H,EVE,2026-10-10
483005,regan-slater,Slater,,hull-city,352,HUL,CM,289,5.5,100,0.4,0.41,0,1,1,0.05,0.36,14,4.5,5.5,A,CHE,2026-09-12,A,NEW,2026-09-19,H,EVE,2026-10-10
71703,victor-lindelof,Lindelöf,,aston-villa,353,AVL,CB,295,5.4,100,0.2,0.19,0,0,0,0.00,0.19,21,4.5,0.3,H,NFO,2026-09-12,A,TOT,2026-09-19,H,BRE,2026-10-10
8460,adam-smith,Smith,,bournemouth,354,BOU,RB,293,5.4,100,0.3,0.26,0,0,0,0.05,0.21,22,4.5,0.1,H,BRE,2026-09-12,H,LIV,2026-09-20,A,CHE,2026-10-10
607630,igor-thiago,Thiago,,brentford,355,BRE,CF,289,5.4,100,2.1,2.15,0,0,0,2.15,0.00,11,7.9,11.0,A,BOU,2026-09-12,H,CHE,2026-09-18,A,AVL,2026-10-10
223794,john-mc-ginn,McGinn,,aston-villa,356,AVL,RW,282,5.3,100,0.7,0.70,0,0,0,0.48,0.22,9,5.4,2.3,H,NFO,2026-09-12,A,TOT,2026-09-19,H,BRE,2026-10-10
399581,dara-o-shea,O'Shea,,ipswich-town,357,IPS,RB,294,5.3,100,0.1,0.07,0,0,0,0.00,0.07,34,4.0,3.0,A,CRY,2026-09-12,A,EVE,2026-09-19,H,FUL,2026-10-10
400549,pau-torres,Torres,,aston-villa,358,AVL,CB,181,5.2,100,0.0,0.00,0,0,0,0.00,0.00,12,4.5,0.4,H,NFO,2026-09-12,A,TOT,2026-09-19,H,BRE,2026-10-10
886558,estevao,Estevão,,chelsea,359,CHE,CAM,25,,0,0.0,0.03,0,0,0,0.03,0.00,0,6.4,0.8,H,HUL,2026-09-12,A,BRE,2026-09-18,H,BOU,2026-10-10
622787,mohamed-ali-cho,Cho,,hull-city,360,HUL,RW,23,,0,0.2,0.20,0,0,0,0.20,0.00,1,5.0,0.0,A,CHE,2026-09-12,A,NEW,2026-09-19,H,EVE,2026-10-10
825521,ryan-mc-aidoo,McAidoo,,manchester-city,361,MCI,RW,22,,0,0.1,0.10,0,0,0,0.10,0.00,0,4.5,0.1,A,MUN,2026-09-13,H,SUN,2026-09-20,A,LIV,2026-10-10
11669,callum-wilson,Wilson,,brentford,362,BRE,CAM,22,,0,0.1,0.10,0,0,0,0.02,0.08,3,5.5,0.3,A,BOU,2026-09-12,H,CHE,2026-09-18,A,AVL,2026-10-10
488326,rodrigo-muniz,Muniz,,fulham,363,FUL,CF,19,,0,0.6,0.58,0,0,0,0.58,0.00,2,5.4,0.4,A,LIV,2026-09-12,H,MUN,2026-09-20,A,IPS,2026-10-10
788748,alvaro-rodriguez,Rodríguez,,bournemouth,364,BOU,CAM,14,,0,0.0,0.00,0,0,0,0.00,0.00,0,6.0,0.1,H,BRE,2026-09-12,H,LIV,2026-09-20,A,CHE,2026-10-10
639268,ben-doak,Doak,,bournemouth,365,BOU,RW,13,,0,0.1,0.10,0,0,0,0.10,0.00,1,4.9,0.1,H,BRE,2026-09-12,H,LIV,2026-09-20,A,CHE,2026-10-10
772290,jens-hjerto-dahl,Hjertø-Dahl,,hull-city,366,HUL,CM,12,,0,0.0,0.00,0,0,0,0.00,0.00,0,4.9,0.1,A,CHE,2026-09-12,A,NEW,2026-09-19,H,EVE,2026-10-10
878211,geovany-quenda,Quenda,,chelsea,367,CHE,CAM,12,,0,0.0,0.00,0,0,0,0.00,0.00,2,5.4,0.0,H,HUL,2026-09-12,A,BRE,2026-09-18,H,BOU,2026-10-10
281135,matt-targett,Targett,,hull-city,368,HUL,LWB,11,,0,0.0,0.00,0,0,0,0.00,0.00,1,4.0,1.9,A,CHE,2026-09-12,A,NEW,2026-09-19,H,EVE,2026-10-10
644098,valentin-barco,Barco,,chelsea,369,CHE,CM,10,,0,0.1,0.10,0,0,0,0.10,0.00,1,5.5,0.1,H,HUL,2026-09-12,A,BRE,2026-09-18,H,BOU,2026-10-10
646204,carlos-jonas-alcaraz,Alcaraz,,everton,370,EVE,DM,10,,0,0.1,0.09,0,0,0,0.09,0.00,1,4.9,0.1,A,TOT,2026-09-12,H,IPS,2026-09-19,A,HUL,2026-10-10
448638,sean-longstaff,Longstaff,,leeds-united,371,LEE,CAM,9,,0,0.0,0.00,0,0,0,0.00,0.00,0,4.9,0.1,H,NEW,2026-09-14,H,CRY,2026-09-19,A,ARS,2026-10-10
623374,tim-emeka-iroegbunam,Iroegbunam,,everton,372,EVE,RB,8,,0,0.0,0.00,0,0,0,0.00,0.00,0,5.0,0.0,A,TOT,2026-09-12,H,IPS,2026-09-19,A,HUL,2026-10-10
264303,ryan-christie,Christie,,bournemouth,373,BOU,DM,8,,0,0.0,0.00,0,0,0,0.00,0.00,1,5.0,0.0,H,BRE,2026-09-12,H,LIV,2026-09-20,A,CHE,2026-10-10
854429,kaden-braithwaite,Braithwaite,,manchester-city,374,MCI,LB,7,,0,0.0,0.00,0,0,0,0.00,0.00,0,4.0,0.2,A,MUN,2026-09-13,H,SUN,2026-09-20,A,LIV,2026-10-10
911027,vitor-reis,Reis,,manchester-city,375,MCI,RB,7,,0,0.0,0.00,0,0,0,0.00,0.00,0,4.5,0.0,A,MUN,2026-09-13,H,SUN,2026-09-20,A,LIV,2026-10-10
525613,valentino-francisco-livramento,Livramento,,newcastle-united,376,NEW,LB,6,,0,0.0,0.00,0,0,0,0.00,0.00,0,4.9,0.1,A,LEE,2026-09-14,H,HUL,2026-09-19,A,COV,2026-10-10
50102,fabian-schar,Schär,,newcastle-united,377,NEW,CB,5,,0,0.0,0.00,0,0,0,0.00,0.00,0,5.0,0.2,A,LEE,2026-09-14,H,HUL,2026-09-19,A,COV,2026-10-10
336242,rico-henry,Henry,,brentford,378,BRE,LB,5,,0,0.0,0.00,0,0,0,0.00,0.00,0,4.5,0.2,A,BOU,2026-09-12,H,CHE,2026-09-18,A,AVL,2026-10-10
7945,daniel-nii-welbeck,Welbeck,,chelsea,379,CHE,LW,5,,0,0.0,0.00,0,0,0,0.00,0.00,0,5.9,0.8,H,HUL,2026-09-12,A,BRE,2026-09-18,H,BOU,2026-10-10
714791,714791,Osorio,,crystal-palace,380,CRY,CAM,5,,0,0.0,0.00,0,0,0,0.00,0.00,1,5.5,0.0,H,IPS,2026-09-12,A,LEE,2026-09-19,H,NFO,2026-10-10
807210,ousmane-diomande,Diomandé,,nottingham-forest,381,NFO,CB,4,,0,0.0,0.00,0,0,0,0.00,0.00,1,5.4,0.5,A,AVL,2026-09-12,H,COV,2026-09-19,A,CRY,2026-10-10
609230,romaine-mundle,Mundle,Inj,sunderland,382,SUN,LW,4,,0,0.1,0.14,0,0,0,0.14,0.00,2,4.9,0.0,H,ARS,2026-09-12,A,MCI,2026-09-20,H,BHA,2026-10-10
450826,callum-hudson-odoi,Hudson-Odoi,,nottingham-forest,383,NFO,CAM,3,,0,0.0,0.00,0,0,0,0.00,0.00,0,5.9,0.2,A,AVL,2026-09-12,H,COV,2026-09-19,A,CRY,2026-10-10
496214,nicolas-martin-dominguez,Domínguez,,nottingham-forest,384,NFO,CM,3,,0,0.0,0.00,0,0,0,0.00,0.00,0,4.9,0.1,A,AVL,2026-09-12,H,COV,2026-09-19,A,CRY,2026-10-10
425911,pascal-struijk,Struijk,,brighton,385,BHA,LB,2,,0,0.0,0.00,0,0,0,0.00,0.00,0,5.0,0.2,A,COV,2026-09-13,H,ARS,2026-09-19,A,SUN,2026-10-10
878084,toure-bazoumana,Bazoumana,,newcastle-united,386,NEW,LW,1,,0,0.0,0.00,0,0,0,0.00,0.00,0,5.8,0.1,A,LEE,2026-09-14,H,HUL,2026-09-19,A,COV,2026-10-10
558733,arnaud-kalimuendo,Kalimuendo,,nottingham-forest,387,NFO,CB,1,,0,0.0,0.00,0,0,0,0.00,0.00,0,,,A,AVL,2026-09-12,H,COV,2026-09-19,A,CRY,2026-10-10
380207,380207,Akintola,Loa,hull-city,388,HUL,-,0,,,,0.00,0,0,0,0.00,0.00,0,5.0,0.0,A,CHE,2026-09-12,A,NEW,2026-09-19,H,EVE,2026-10-10
645035,dario-essugo,Essugo,Loa,chelsea,389,CHE,-,0,,,,0.00,0,0,0,0.00,0.00,0,4.5,0.1,H,HUL,2026-09-12,A,BRE,2026-09-18,H,BOU,2026-10-10
659572,elijah-xavier-campbell,X. Campbell,,everton,390,EVE,-,0,,,,0.00,0,0,0,0.00,0.00,0,,,A,TOT,2026-09-12,H,IPS,2026-09-19,A,HUL,2026-10-10
638742,638742,Ba,,sunderland,391,SUN,-,0,,,,0.00,0,0,0,0.00,0.00,0,4.9,3.2,H,ARS,2026-09-12,A,MCI,2026-09-20,H,BHA,2026-10-10
930134,930134,Sowunmi,,tottenham-hotspur,392,TOT,-,0,,,,0.00,0,0,0,0.00,0.00,0,,,H,EVE,2026-09-12,H,AVL,2026-09-19,A,MUN,2026-10-10
647445,teddy-sharman-lowe,Sharman-Lowe,,chelsea,393,CHE,-,0,,,,0.00,0,0,0,0.00,0.00,0,,,H,HUL,2026-09-12,A,BRE,2026-09-18,H,BOU,2026-10-10
782877,stefanos-tzimas,Tzimas,Inj,brighton,394,BHA,-,0,,,,0.00,0,0,0,0.00,0.00,0,5.5,0.0,A,COV,2026-09-13,H,ARS,2026-09-19,A,SUN,2026-10-10
865729,865729,Wint,,manchester-city,395,MCI,-,0,,,,0.00,0,0,0,0.00,0.00,0,,,A,MUN,2026-09-13,H,SUN,2026-09-20,A,LIV,2026-10-10
8392,nathaniel-clyne,Clyne,,crystal-palace,396,CRY,-,0,,,,0.00,0,0,0,0.00,0.00,0,,,H,IPS,2026-09-12,A,LEE,2026-09-19,H,NFO,2026-10-10
850716,caleb-kporha,Kporha,,crystal-palace,397,CRY,-,0,,,,0.00,0,0,0,0.00,0.00,0,,,H,IPS,2026-09-12,A,LEE,2026-09-19,H,NFO,2026-10-10
505058,505058,Williams,,hull-city,398,HUL,-,0,,,,0.00,0,0,0,0.00,0.00,0,,,A,CHE,2026-09-12,A,NEW,2026-09-19,H,EVE,2026-10-10
900578,benjamin-chiemela-fredrick,Fredrick,,brentford,399,BRE,-,0,,,,0.00,0,0,0,0.00,0.00,0,,,A,BOU,2026-09-12,H,CHE,2026-09-18,A,AVL,2026-10-10
854563,benjamin-arthur,Arthur,,brentford,400,BRE,-,0,,,,0.00,0,0,0,0.00,0.00,0,,,A,BOU,2026-09-12,H,CHE,2026-09-18,A,AVL,2026-10-10
532749,benoit-badiashile,Badiashile,Loa,chelsea,401,CHE,-,0,,,,0.00,0,0,0,0.00,0.00,0,4.5,0.0,H,HUL,2026-09-12,A,BRE,2026-09-18,H,BOU,2026-10-10
619148,amine-adli,Adli,Inj,bournemouth,402,BOU,-,0,,,,0.00,0,0,0,0.00,0.00,0,4.9,0.0,H,BRE,2026-09-12,H,LIV,2026-09-20,A,CHE,2026-10-10
447773,brandon-austin,Austin,,tottenham-hotspur,403,TOT,-,0,,,,0.00,0,0,0,0.00,0.00,0,4.0,1.0,H,EVE,2026-09-12,H,AVL,2026-09-19,A,MUN,2026-10-10
336744,remi-matthews,Matthews,,crystal-palace,404,CRY,-,0,,,,0.00,0,0,0,0.00,0.00,0,4.0,1.8,H,IPS,2026-09-12,A,LEE,2026-09-19,H,NFO,2026-10-10
9569,9569,Button,,ipswich-town,405,IPS,-,0,,,,0.00,0,0,0,0.00,0.00,0,4.0,0.6,A,CRY,2026-09-12,A,EVE,2026-09-19,H,FUL,2026-10-10
874018,sean-neave,Neave,Loa,newcastle-united,406,NEW,-,0,,,,0.00,0,0,0,0.00,0.00,0,4.5,0.6,A,LEE,2026-09-14,H,HUL,2026-09-19,A,COV,2026-10-10
933461,jonah-daniel-kusi-asare,Kusi-Asare,,fulham,407,FUL,-,0,,,,0.00,0,0,0,0.00,0.00,0,4.5,6.1,A,LIV,2026-09-12,H,MUN,2026-09-20,A,IPS,2026-10-10
61941,fraser-forster,Forster,,bournemouth,408,BOU,-,0,,,,0.00,0,0,0,0.00,0.00,0,4.0,3.6,H,BRE,2026-09-12,H,LIV,2026-09-20,A,CHE,2026-10-10
702842,david-datro-fofana,Fofana,,chelsea,409,CHE,-,0,,,,0.00,0,0,0,0.00,0.00,0,5.0,0.2,H,HUL,2026-09-12,A,BRE,2026-09-18,H,BOU,2026-10-10
622236,dane-scarlett,Scarlett,Loa,tottenham-hotspur,410,TOT,-,0,,,,0.00,0,0,0,0.00,0.00,0,4.5,1.4,H,EVE,2026-09-12,H,AVL,2026-09-19,A,MUN,2026-10-10
563113,max-alleyne,Alleyne,Loa,manchester-city,411,MCI,-,0,,,,0.00,0,0,0,0.00,0.00,0,5.0,0.0,A,MUN,2026-09-13,H,SUN,2026-09-20,A,LIV,2026-10-10
606738,samuel-iling-junior,Iling-Junior,Loa,aston-villa,412,AVL,-,0,,,,0.00,0,0,0,0.00,0.00,0,5.0,0.0,H,NFO,2026-09-12,A,TOT,2026-09-19,H,BRE,2026-10-10
605587,605587,Gyabi,Inj,hull-city,413,HUL,-,0,,,,0.00,0,0,0,0.00,0.00,0,4.5,0.0,A,CHE,2026-09-12,A,NEW,2026-09-19,H,EVE,2026-10-10
9515,9515,Bidwell,,coventry-city,414,COV,-,0,,,,0.00,0,0,0,0.00,0.00,0,4.0,0.1,H,BHA,2026-09-13,A,NFO,2026-09-19,H,NEW,2026-10-10
552926,simon-adingra,Adingra,Loa,sunderland,415,SUN,-,0,,,,0.00,0,0,0,0.00,0.00,0,4.9,0.0,H,ARS,2026-09-12,A,MCI,2026-09-20,H,BHA,2026-10-10
504528,504528,Mehmeti,,ipswich-town,416,IPS,-,0,,,,0.00,0,0,0,0.00,0.00,0,4.9,0.0,A,CRY,2026-09-12,A,EVE,2026-09-19,H,FUL,2026-10-10
536060,fabio-vieira,Vieira,Loa,arsenal,417,ARS,-,0,,,,0.00,0,0,0,0.00,0.00,0,5.5,0.0,A,SUN,2026-09-12,A,BHA,2026-09-19,H,LEE,2026-10-10
631619,conor-bradley,Bradley,Inj,liverpool,418,LIV,-,0,,,,0.00,0,0,0,0.00,0.00,0,5.0,0.0,H,FUL,2026-09-12,A,BOU,2026-09-20,H,MCI,2026-10-10
856213,yankuba-minteh,Minteh,Inj,brighton,419,BHA,-,0,,,,0.00,0,0,0,0.00,0.00,0,5.9,0.0,A,COV,2026-09-13,H,ARS,2026-09-19,A,SUN,2026-10-10
537185,julian-vincente-araujo,Araujo,Inj,bournemouth,420,BOU,-,0,,,,0.00,0,0,0,0.00,0.00,0,4.4,0.0,H,BRE,2026-09-12,H,LIV,2026-09-20,A,CHE,2026-10-10
258273,258273,Browne,,sunderland,421,SUN,-,0,,,,0.00,0,0,0,0.00,0.00,0,,,H,ARS,2026-09-12,A,MCI,2026-09-20,H,BHA,2026-10-10
689508,luke-harris,Harris,,fulham,422,FUL,-,0,,,,0.00,0,0,0,0.00,0.00,0,4.5,1.2,A,LIV,2026-09-12,H,MUN,2026-09-20,A,IPS,2026-10-10
301047,ollie-watkins,Watkins,Loa,aston-villa,423,AVL,-,0,,,,0.00,0,0,0,0.00,0.00,0,7.8,3.1,H,NFO,2026-09-12,A,TOT,2026-09-19,H,BRE,2026-10-10
790217,790217,Parker,,manchester-city,424,MCI,-,0,,,,0.00,0,0,0,0.00,0.00,0,,,A,MUN,2026-09-13,H,SUN,2026-09-20,A,LIV,2026-10-10
625471,nicolo-savona,Savona,Inj,nottingham-forest,425,NFO,-,0,,,,0.00,0,0,0,0.00,0.00,0,4.5,0.0,A,AVL,2026-09-12,H,COV,2026-09-19,A,CRY,2026-10-10
240270,freddie-woodman,Woodman,,liverpool,426,LIV,-,0,,,,0.00,0,0,0,0.00,0.00,0,4.0,1.1,H,FUL,2026-09-12,A,BOU,2026-09-20,H,MCI,2026-10-10
569463,569463,Dovin,Loa,coventry-city,427,COV,-,0,,,,0.00,0,0,0,0.00,0.00,0,4.0,1.2,H,BHA,2026-09-13,A,NFO,2026-09-19,H,NEW,2026-10-10
764067,eric-emanuel-da-silva-moreira,d. S. Moreira,,nottingham-forest,428,NFO,-,0,,,,0.00,0,0,0,0.00,0.00,0,,,A,AVL,2026-09-12,H,COV,2026-09-19,A,CRY,2026-10-10
192792,dan-burn,Burn,Inj,newcastle-united,429,NEW,-,0,,,,0.00,0,0,0,0.00,0.00,0,4.9,0.9,A,LEE,2026-09-14,H,HUL,2026-09-19,A,COV,2026-10-10
633889,633889,Palestra,Inj,chelsea,430,CHE,-,0,,,,0.00,0,0,0,0.00,0.00,0,5.4,0.9,H,HUL,2026-09-12,A,BRE,2026-09-18,H,BOU,2026-10-10
819634,ethan-joseph-wheatley,Wheatley,,manchester-united,431,MUN,-,0,,,,0.00,0,0,0,0.00,0.00,0,,,H,MCI,2026-09-13,A,FUL,2026-09-20,H,TOT,2026-10-10
1050460,jeremy-monga,Monga,Loa,manchester-city,432,MCI,-,0,,,,0.00,0,0,0,0.00,0.00,0,4.9,0.0,A,MUN,2026-09-13,H,SUN,2026-09-20,A,LIV,2026-10-10
960359,960359,J. Lewis,,ipswich-town,433,IPS,-,0,,,,0.00,0,0,0,0.00,0.00,0,,,A,CRY,2026-09-12,A,EVE,2026-09-19,H,FUL,2026-10-10
603042,603042,Lo-Tutala,Loa,hull-city,434,HUL,-,0,,,,0.00,0,0,0,0.00,0.00,0,4.0,0.0,A,CHE,2026-09-12,A,NEW,2026-09-19,H,EVE,2026-10-10
364860,rodri,Rodri,Loa,manchester-city,435,MCI,-,0,,,,0.00,0,0,0,0.00,0.00,0,6.5,0.0,A,MUN,2026-09-13,H,SUN,2026-09-20,A,LIV,2026-10-10
656523,656523,Emegha,Inj,chelsea,436,CHE,-,0,,,,0.00,0,0,0,0.00,0.00,0,5.0,0.1,H,HUL,2026-09-12,A,BRE,2026-09-18,H,BOU,2026-10-10
381290,alex-palmer,Palmer,,ipswich-town,437,IPS,-,0,,,,0.00,0,0,0,0.00,0.00,0,4.0,4.2,A,CRY,2026-09-12,A,EVE,2026-09-19,H,FUL,2026-10-10
26499,arthur-masuaku,Masuaku,Loa,sunderland,438,SUN,-,0,,,,0.00,0,0,0,0.00,0.00,0,4.0,0.1,H,ARS,2026-09-12,A,MCI,2026-09-20,H,BHA,2026-10-10
627916,leo-hjelde,Hjelde,Loa,sunderland,439,SUN,-,0,,,,0.00,0,0,0,0.00,0.00,0,4.0,0.0,H,ARS,2026-09-12,A,MCI,2026-09-20,H,BHA,2026-10-10
789323,789323,Markelo,Loa,coventry-city,440,COV,-,0,,,,0.00,0,0,0,0.00,0.00,0,5.0,0.0,H,BHA,2026-09-13,A,NFO,2026-09-19,H,NEW,2026-10-10
369314,altay-bayindir,Bayındır,Loa,manchester-united,441,MUN,-,0,,,,0.00,0,0,0,0.00,0.00,0,4.5,0.0,H,MCI,2026-09-13,A,FUL,2026-09-20,H,TOT,2026-10-10
809491,facundo-valentin-buonanotte,Buonanotte,Loa,brighton,442,BHA,-,0,,,,0.00,0,0,0,0.00,0.00,0,5.0,0.0,A,COV,2026-09-13,H,ARS,2026-09-19,A,SUN,2026-10-10
762995,ashley-phillips,Phillips,Loa,tottenham-hotspur,443,TOT,-,0,,,,0.00,0,0,0,0.00,0.00,0,4.5,0.0,H,EVE,2026-09-12,H,AVL,2026-09-19,A,MUN,2026-10-10
578847,filip-jorgensen,Jörgensen,Loa,chelsea,444,CHE,-,0,,,,0.00,0,0,0,0.00,0.00,0,5.0,0.0,H,HUL,2026-09-12,A,BRE,2026-09-18,H,BOU,2026-10-10
447955,diop-tehuti-djed-hotep-spence,Spence,Loa,tottenham-hotspur,445,TOT,-,0,,,,0.00,0,0,0,0.00,0.00,0,4.5,0.3,H,EVE,2026-09-12,H,AVL,2026-09-19,A,MUN,2026-10-10
346131,trevoh-chalobah,Chalobah,Loa,chelsea,446,CHE,-,0,,,,0.00,0,0,0,0.00,0.00,0,5.5,0.1,H,HUL,2026-09-12,A,BRE,2026-09-18,H,BOU,2026-10-10
781890,kosta-nedeljkovic,Nedeljković,Loa,aston-villa,447,AVL,-,0,,,,0.00,0,0,0,0.00,0.00,0,4.0,0.1,H,NFO,2026-09-12,A,TOT,2026-09-19,H,BRE,2026-10-10
399488,sebastiaan-bornauw,Bornauw,Loa,leeds-united,448,LEE,-,0,,,,0.00,0,0,0,0.00,0.00,0,4.5,0.0,H,NEW,2026-09-14,H,CRY,2026-09-19,A,ARS,2026-10-10
8826,karl-darlow,Darlow,,manchester-united,449,MUN,-,0,,,,0.00,0,0,0,0.00,0.00,0,4.5,0.0,H,MCI,2026-09-13,A,FUL,2026-09-20,H,TOT,2026-10-10
434172,george-hirst,Hirst,Loa,ipswich-town,450,IPS,-,0,,,,0.00,0,0,0,0.00,0.00,0,5.0,0.1,A,CRY,2026-09-12,A,EVE,2026-09-19,H,FUL,2026-10-10
399584,mark-travers,Travers,,everton,451,EVE,-,0,,,,0.00,0,0,0,0.00,0.00,0,5.0,0.0,A,TOT,2026-09-12,H,IPS,2026-09-19,A,HUL,2026-10-10
1712,kenny-tete,Tete,,fulham,452,FUL,-,0,,,,0.00,0,0,0,0.00,0.00,0,4.4,0.2,A,LIV,2026-09-12,H,MUN,2026-09-20,A,IPS,2026-10-10
255738,jefferson-andres-lerma,Lerma,,crystal-palace,453,CRY,-,0,,,,0.00,0,0,0,0.00,0.00,0,4.9,0.1,H,IPS,2026-09-12,A,LEE,2026-09-19,H,NFO,2026-10-10
557396,liam-kitching,Kitching,Loa,coventry-city,454,COV,-,0,,,,0.00,0,0,0,0.00,0.00,0,4.0,0.4,H,BHA,2026-09-13,A,NFO,2026-09-19,H,NEW,2026-10-10
514484,fabio-carvalho,Carvalho,,brentford,455,BRE,-,0,,,,0.00,0,0,0,0.00,0.00,0,5.0,0.0,A,BOU,2026-09-12,H,CHE,2026-09-18,A,AVL,2026-10-10
704473,mike-penders,Penders,,chelsea,456,CHE,-,0,,,,0.00,0,0,0,0.00,0.00,0,4.4,0.1,H,HUL,2026-09-12,A,BRE,2026-09-18,H,BOU,2026-10-10
480608,matt-o-riley,O'Riley,,brighton,457,BHA,-,0,,,,0.00,0,0,0,0.00,0.00,0,5.5,0.1,A,COV,2026-09-13,H,ARS,2026-09-19,A,SUN,2026-10-10
624613,juanlu-sanchez,Sánchez,,bournemouth,458,BOU,-,0,,,,0.00,0,0,0,0.00,0.00,0,4.5,0.2,H,BRE,2026-09-12,H,LIV,2026-09-20,A,CHE,2026-10-10
770018,zach-abbott,Abbott,Loa,nottingham-forest,459,NFO,-,0,,,,0.00,0,0,0,0.00,0.00,0,4.0,0.2,A,AVL,2026-09-12,H,COV,2026-09-19,A,CRY,2026-10-10
436278,michael-svoboda,Svoboda,,brighton,460,BHA,-,0,,,,0.00,0,0,0,0.00,0.00,0,5.0,0.1,A,COV,2026-09-13,H,ARS,2026-09-19,A,SUN,2026-10-10
614939,william-jonathan-dennis,J. Dennis,Loa,bournemouth,461,BOU,-,0,,,,0.00,0,0,0,0.00,0.00,0,4.0,0.1,H,BRE,2026-09-12,H,LIV,2026-09-20,A,CHE,2026-10-10
440873,michele-di-gregorio,D. Gregorio,,bournemouth,462,BOU,-,0,,,,0.00,0,0,0,0.00,0.00,0,4.5,0.0,H,BRE,2026-09-12,H,LIV,2026-09-20,A,CHE,2026-10-10
3397,kepa-arrizabalaga,Arrizabalaga,,arsenal,463,ARS,-,0,,,,0.00,0,0,0,0.00,0.00,0,4.9,0.1,A,SUN,2026-09-12,A,BHA,2026-09-19,H,LEE,2026-10-10
504579,hakon-rafn-valdimarsson,Valdimarsson,,brentford,464,BRE,-,0,,,,0.00,0,0,0,0.00,0.00,0,4.5,0.1,A,BOU,2026-09-12,H,CHE,2026-09-18,A,AVL,2026-10-10
475709,giorgi-mamardashvili,Mamardashvili,,liverpool,465,LIV,-,0,,,,0.00,0,0,0,0.00,0.00,0,4.9,0.1,H,FUL,2026-09-12,A,BOU,2026-09-20,H,MCI,2026-10-10
398332,cedric-kipre,Kipré,,ipswich-town,466,IPS,-,0,,,,0.00,0,0,0,0.00,0.00,0,4.0,0.5,A,CRY,2026-09-12,A,EVE,2026-09-19,H,FUL,2026-10-10
86745,walter-daniel-benitez,Benítez,,crystal-palace,467,CRY,-,0,,,,0.00,0,0,0,0.00,0.00,0,4.5,0.1,H,IPS,2026-09-12,A,LEE,2026-09-19,H,NFO,2026-10-10
996812,max-dowman,Dowman,,arsenal,468,ARS,-,0,,,,0.00,0,0,0,0.00,0.00,0,5.3,0.1,A,SUN,2026-09-12,A,BHA,2026-09-19,H,LEE,2026-10-10
540839,cheick-oumar-doucoure,Doucouré,,crystal-palace,469,CRY,-,0,,,,0.00,0,0,0,0.00,0.00,0,4.9,0.1,H,IPS,2026-09-12,A,LEE,2026-09-19,H,NFO,2026-10-10
95349,wataru-endo,Endo,,liverpool,470,LIV,-,0,,,,0.00,0,0,0,0.00,0.00,0,4.9,0.1,H,FUL,2026-09-12,A,BOU,2026-09-20,H,MCI,2026-10-10
9956,daniel-bentley,Bentley,,coventry-city,471,COV,-,0,,,,0.00,0,0,0,0.00,0.00,0,4.0,0.5,H,BHA,2026-09-13,A,NFO,2026-09-19,H,NEW,2026-10-10
816545,claudio-jeremias-echeverri,Echeverri,Loa,manchester-city,472,MCI,-,0,,,,0.00,0,0,0,0.00,0.00,0,4.9,0.0,A,MUN,2026-09-13,H,SUN,2026-09-20,A,LIV,2026-10-10
613310,degnand-wilfried-gnonto,Gnonto,Loa,leeds-united,473,LEE,-,0,,,,0.00,0,0,0,0.00,0.00,0,5.0,0.0,H,NEW,2026-09-14,H,CRY,2026-09-19,A,ARS,2026-10-10
626228,626228,Ángel,,fulham,474,FUL,-,0,,,,0.00,0,0,0,0.00,0.00,0,5.0,0.0,A,LIV,2026-09-12,H,MUN,2026-09-20,A,IPS,2026-10-10
9022,christian-walton,Walton,,ipswich-town,475,IPS,-,0,,,,0.00,0,0,0,0.00,0.00,0,4.4,0.4,A,CRY,2026-09-12,A,EVE,2026-09-19,H,FUL,2026-10-10
224709,224709,Zetterer,,leeds-united,476,LEE,-,0,,,,0.00,0,0,0,0.00,0.00,0,4.0,0.6,H,NEW,2026-09-14,H,CRY,2026-09-19,A,ARS,2026-10-10
915292,macauley-zepa,Zepa,,fulham,477,FUL,-,0,,,,0.00,0,0,0,0.00,0.00,0,4.5,0.4,A,LIV,2026-09-12,H,MUN,2026-09-20,A,IPS,2026-10-10
454242,ryan-yates,Yates,,nottingham-forest,478,NFO,-,0,,,,0.00,0,0,0,0.00,0.00,0,4.5,1.4,A,AVL,2026-09-12,H,COV,2026-09-19,A,CRY,2026-10-10
1191271,jules-ahoka,Ahoka,,sunderland,479,SUN,-,0,,,,0.00,0,0,0,0.00,0.00,0,4.5,0.3,H,ARS,2026-09-12,A,MCI,2026-09-20,H,BHA,2026-10-10
288869,dillon-phillips,Phillips,,hull-city,480,HUL,-,0,,,,0.00,0,0,0,0.00,0.00,0,4.0,1.4,A,CHE,2026-09-12,A,NEW,2026-09-19,H,EVE,2026-10-10
854399,bradley-paul-burrowes,Burrowes,,aston-villa,481,AVL,-,0,,,,0.00,0,0,0,0.00,0.00,0,4.5,0.7,H,NFO,2026-09-12,A,TOT,2026-09-19,H,BRE,2026-10-10
753613,leo-shahar,Shahar,Loa,newcastle-united,482,NEW,-,0,,,,0.00,0,0,0,0.00,0.00,0,4.0,0.3,A,LEE,2026-09-14,H,HUL,2026-09-19,A,COV,2026-10-10
26016,benjamin-lecomte,Lecomte,,fulham,483,FUL,-,0,,,,0.00,0,0,0,0.00,0.00,0,4.0,1.2,A,LIV,2026-09-12,H,MUN,2026-09-20,A,IPS,2026-10-10
275780,harrison-reed,Reed,,fulham,484,FUL,-,0,,,,0.00,0,0,0,0.00,0.00,0,4.5,1.2,A,LIV,2026-09-12,H,MUN,2026-09-20,A,IPS,2026-10-10
447798,anthony-patterson,Patterson,Loa,sunderland,486,SUN,-,0,,,,0.00,0,0,0,0.00,0.00,0,4.0,0.1,H,ARS,2026-09-12,A,MCI,2026-09-20,H,BHA,2026-10-10
719786,carlos-noom-baleba,Baleba,Inj,brighton,487,BHA,-,0,,,,0.00,0,0,0,0.00,0.00,0,5.0,0.1,A,COV,2026-09-13,H,ARS,2026-09-19,A,SUN,2026-10-10
790219,jayden-meghoma,Meghoma,,brentford,488,BRE,-,0,,,,0.00,0,0,0,0.00,0.00,0,,,A,BOU,2026-09-12,H,CHE,2026-09-18,A,AVL,2026-10-10
326998,guglielmo-vicario,Vicario,Loa,tottenham-hotspur,489,TOT,-,0,,,,0.00,0,0,0,0.00,0.00,0,4.5,0.2,H,EVE,2026-09-12,H,AVL,2026-09-19,A,MUN,2026-10-10
359934,kalvin-phillips,Phillips,Loa,manchester-city,490,MCI,-,0,,,,0.00,0,0,0,0.00,0.00,0,5.0,0.0,A,MUN,2026-09-13,H,SUN,2026-09-20,A,LIV,2026-10-10
824988,harry-amass,Amass,,manchester-united,491,MUN,-,0,,,,0.00,0,0,0,0.00,0.00,0,4.0,0.2,H,MCI,2026-09-13,A,FUL,2026-09-20,H,TOT,2026-10-10
274435,enes-unal,Ünal,Loa,bournemouth,492,BOU,-,0,,,,0.00,0,0,0,0.00,0.00,0,5.5,0.0,H,BRE,2026-09-12,H,LIV,2026-09-20,A,CHE,2026-10-10
947211,chrisantus-ugonna-uche,Uche,Loa,crystal-palace,493,CRY,-,0,,,,0.00,0,0,0,0.00,0.00,0,5.0,0.0,H,IPS,2026-09-12,A,LEE,2026-09-19,H,NFO,2026-10-10
340386,gabriel-jesus,Jesus,Loa,arsenal,494,ARS,-,0,,,,0.00,0,0,0,0.00,0.00,0,5.9,0.2,A,SUN,2026-09-12,A,BHA,2026-09-19,H,LEE,2026-10-10
600902,issa-kabore,Kaboré,,manchester-city,495,MCI,-,0,,,,0.00,0,0,0,0.00,0.00,0,,,A,MUN,2026-09-13,H,SUN,2026-09-20,A,LIV,2026-10-10
257899,joe-gomez,Gomez,Inj,liverpool,496,LIV,-,0,,,,0.00,0,0,0,0.00,0.00,0,5.0,0.0,H,FUL,2026-09-12,A,BOU,2026-09-20,H,MCI,2026-10-10
565016,rayan-ait-nouri,Aït-Nouri,,manchester-city,497,MCI,-,0,,,,0.00,0,0,0,0.00,0.00,0,5.3,0.5,A,MUN,2026-09-13,H,SUN,2026-09-20,A,LIV,2026-10-10
470783,joel-mohammed-piroe,Piroe,Loa,leeds-united,498,LEE,-,0,,,,0.00,0,0,0,0.00,0.00,0,5.0,0.1,H,NEW,2026-09-14,H,CRY,2026-09-19,A,ARS,2026-10-10
797427,797427,Mbaye,,aston-villa,499,AVL,-,0,,,,0.00,0,0,0,0.00,0.00,0,6.0,0.1,H,NFO,2026-09-12,A,TOT,2026-09-19,H,BRE,2026-10-10
7919,michael-keane,Keane,,everton,500,EVE,-,0,,,,0.00,0,0,0,0.00,0.00,0,4.9,0.9,A,TOT,2026-09-12,H,IPS,2026-09-19,A,HUL,2026-10-10
