row_id,slug,name,status,team_slug,rank,team,pos,mins,price,price_change_season,owned_pct,pts,pts_per_game,bonus,xgi_l5,start_pct,goals,assists,cs,defcon,pens,corners,fk,play_pct,next1_venue,next1_opp,next1_date,next2_venue,next2_opp,next2_date,next3_venue,next3_opp,next3_date
419213,cody-gakpo,Gakpo,Dbt,liverpool,1,LIV,MID,273,7.2,0.2,13.0,28,9.3,5,2.0,100,1,3,1,25,3rd+,✓,-,75,H,FUL,2026-09-12,A,BOU,2026-09-20,H,MCI,2026-10-10
243588,bruno-fernandes,Fernandes,,manchester-united,2,MUN,MID,298,12.0,0.0,43.2,27,9.0,3,3.1,100,3,1,0,16,✓,✓,✓,100,H,MCI,2026-09-13,A,FUL,2026-09-20,H,TOT,2026-10-10
596287,konstantinos-tzolakis,Tzolakis,,hull-city,3,HUL,GK,289,4.6,0.1,9.8,26,8.7,6,0.0,100,0,0,3,0,-,-,-,100,A,CHE,2026-09-12,A,NEW,2026-09-19,H,EVE,2026-10-10
234411,oluwasemilogo-ajayi,Ajayi,,hull-city,4,HUL,DEF,258,4.2,0.2,12.3,25,8.3,2,0.8,100,1,0,3,20,-,-,-,100,A,CHE,2026-09-12,A,NEW,2026-09-19,H,EVE,2026-10-10
582972,rayan-cherki,Cherki,,manchester-city,5,MCI,MID,182,7.8,0.3,29.3,25,8.3,4,1.9,67,2,2,1,6,-,✓,✓,100,A,MUN,2026-09-13,H,SUN,2026-09-20,A,LIV,2026-10-10
427097,erling-haaland,Haaland,,manchester-city,6,MCI,FWD,289,15.5,0.0,71.2,24,8.0,6,3.7,100,3,0,1,15,✓,-,-,100,A,MUN,2026-09-13,H,SUN,2026-09-20,A,LIV,2026-10-10
732238,alex-scott,Scott,,bournemouth,7,BOU,MID,285,6.1,0.1,5.7,24,8.0,5,0.7,100,1,0,1,37,-,✓,✓,100,H,BRE,2026-09-12,H,LIV,2026-09-20,A,CHE,2026-10-10
302292,martin-odegaard,Ødegaard,,arsenal,8,ARS,MID,233,6.7,0.2,17.6,24,8.0,6,1.7,100,2,0,2,16,3rd+,-,✓,100,A,SUN,2026-09-12,A,BHA,2026-09-19,H,LEE,2026-10-10
844244,nobel-mendy,Mendy,,hull-city,9,HUL,DEF,205,4.1,0.1,8.1,24,8.0,1,0.4,100,1,0,2,32,-,-,-,100,A,CHE,2026-09-12,A,NEW,2026-09-19,H,EVE,2026-10-10
8394,john-egan,Egan,,hull-city,10,HUL,DEF,289,4.1,0.1,6.3,23,7.7,1,0.0,100,0,0,3,41,-,-,-,100,A,CHE,2026-09-12,A,NEW,2026-09-19,H,EVE,2026-10-10
399599,alexander-isak,Isak,,liverpool,11,LIV,FWD,267,9.1,0.1,23.2,23,7.7,5,2.9,100,3,0,1,5,2nd,-,-,100,H,FUL,2026-09-12,A,BOU,2026-09-20,H,MCI,2026-10-10
568412,josko-gvardiol,Gvardiol,,manchester-city,12,MCI,DEF,270,5.6,0.1,19.9,22,7.3,3,0.4,100,1,1,1,17,-,-,-,100,A,MUN,2026-09-13,H,SUN,2026-09-20,A,LIV,2026-10-10
520291,bukayo-saka,Saka,,arsenal,13,ARS,MID,266,9.5,0.0,11.5,22,7.3,4,1.8,100,2,0,2,22,✓,✓,✓,100,A,SUN,2026-09-12,A,BHA,2026-09-19,H,LEE,2026-10-10
542200,riccardo-calafiori,Calafiori,,arsenal,14,ARS,DEF,256,5.8,0.3,49.0,22,7.3,2,1.5,100,0,2,2,9,-,-,-,100,A,SUN,2026-09-12,A,BHA,2026-09-19,H,LEE,2026-10-10
447985,jayden-bogle,Bogle,,leeds-united,15,LEE,DEF,230,4.5,0.0,2.0,22,7.3,3,0.7,100,1,0,2,12,-,-,-,100,H,NEW,2026-09-14,H,CRY,2026-09-19,A,ARS,2026-10-10
9433,james-tarkowski,Tarkowski,,everton,16,EVE,DEF,298,6.0,0.0,11.5,21,7.0,2,0.1,100,1,0,1,31,-,-,-,100,A,TOT,2026-09-12,H,IPS,2026-09-19,A,HUL,2026-10-10
454388,bryan-mbeumo,Mbeumo,,manchester-united,17,MUN,MID,298,7.9,-0.1,23.9,21,7.0,3,2.5,100,2,0,0,17,2nd,✓,✓,100,H,MCI,2026-09-13,A,FUL,2026-09-20,H,TOT,2026-10-10
367622,vitaly-janelt,Janelt,,brentford,18,BRE,MID,296,5.0,0.0,2.2,21,7.0,3,1.4,100,2,0,1,35,-,✓,-,100,A,BOU,2026-09-12,H,CHE,2026-09-18,A,AVL,2026-10-10
599817,joao-pedro,Pedro,,chelsea,19,CHE,FWD,294,7.7,0.2,73.5,21,7.0,4,2.0,100,2,2,0,7,-,-,-,100,H,HUL,2026-09-12,A,BRE,2026-09-18,H,BOU,2026-10-10
400575,marcus-tavernier,Tavernier,,bournemouth,20,BOU,MID,287,6.0,0.0,3.6,21,7.0,6,1.6,100,2,0,0,28,3rd+,✓,✓,100,H,BRE,2026-09-12,H,LIV,2026-09-20,A,CHE,2026-10-10
551497,cole-palmer,Palmer,,chelsea,21,CHE,MID,282,9.7,0.2,26.6,21,7.0,3,2.3,100,2,1,0,20,✓,-,✓,100,H,HUL,2026-09-12,A,BRE,2026-09-18,H,BOU,2026-10-10
563527,maxim-de-cuyper,D. Cuyper,,brighton,22,BHA,DEF,261,4.8,0.3,22.0,21,7.0,2,2.0,100,1,1,1,8,-,✓,✓,100,A,COV,2026-09-13,H,ARS,2026-09-19,A,SUN,2026-10-10
446423,ben-white,White,,arsenal,23,ARS,DEF,298,5.5,0.0,7.6,20,6.7,3,0.5,100,0,1,2,15,-,-,-,100,A,SUN,2026-09-12,A,BHA,2026-09-19,H,LEE,2026-10-10
397074,marc-guehi,Guéhi,,manchester-city,24,MCI,DEF,289,6.0,0.0,18.4,20,6.7,4,0.7,100,1,0,1,18,-,-,-,100,A,MUN,2026-09-13,H,SUN,2026-09-20,A,LIV,2026-10-10
447978,ryan-giles,Giles,,hull-city,25,HUL,DEF,279,4.0,0.0,1.6,20,6.7,2,0.5,100,0,0,3,12,-,✓,✓,100,A,CHE,2026-09-12,A,NEW,2026-09-19,H,EVE,2026-10-10
824994,joshua-david-steven-king,King,,fulham,26,FUL,MID,289,5.5,0.0,1.2,19,6.3,3,1.3,100,2,0,0,19,-,-,-,100,A,LIV,2026-09-12,H,MUN,2026-09-20,A,IPS,2026-10-10
448389,anton-stach,Stach,,leeds-united,27,LEE,MID,286,6.0,0.0,2.8,19,6.3,3,0.3,100,1,0,1,38,-,✓,✓,100,H,NEW,2026-09-14,H,CRY,2026-09-19,A,ARS,2026-10-10
491344,morgan-elliot-rogers,Rogers,,chelsea,28,CHE,MID,277,7.6,0.1,33.4,19,6.3,1,2.5,100,2,1,0,17,-,✓,-,100,H,HUL,2026-09-12,A,BRE,2026-09-18,H,BOU,2026-10-10
49876,granit-xhaka,Xhaka,,sunderland,29,SUN,MID,297,5.5,0.0,4.2,18,6.0,5,0.3,100,0,0,1,35,-,✓,✓,100,H,ARS,2026-09-12,A,MCI,2026-09-20,H,BHA,2026-10-10
747859,luka-vuskovic,Vušković,,brighton,30,BHA,DEF,293,5.0,0.0,3.3,18,6.0,2,0.4,100,1,0,1,22,-,-,-,100,A,COV,2026-09-13,H,ARS,2026-09-19,A,SUN,2026-10-10
448645,morgan-gibbs-white,Gibbs-White,,nottingham-forest,31,NFO,MID,292,7.9,-0.1,9.4,18,6.0,3,1.5,100,1,1,1,15,✓,-,✓,100,A,AVL,2026-09-12,H,COV,2026-09-19,A,CRY,2026-10-10
596942,keane-lewis-potter,Lewis-Potter,,brentford,32,BRE,MID,291,5.5,0.0,2.1,18,6.0,3,1.7,100,1,1,1,27,-,-,✓,100,A,BOU,2026-09-12,H,CHE,2026-09-18,A,AVL,2026-10-10
621113,lewis-hall,Hall,,newcastle-united,33,NEW,DEF,289,5.2,0.2,13.5,18,6.0,3,0.1,100,0,1,1,30,-,✓,✓,100,A,LEE,2026-09-14,H,HUL,2026-09-19,A,COV,2026-10-10
566474,anthony-david-elanga,Elanga,,newcastle-united,34,NEW,MID,242,6.2,0.2,11.2,18,6.0,2,1.3,100,2,0,1,9,-,✓,-,100,A,LEE,2026-09-14,H,HUL,2026-09-19,A,COV,2026-10-10
684313,mamadou-sangare,Sangaré,,brentford,35,BRE,MID,226,5.7,0.2,13.0,18,6.0,3,0.7,100,0,1,1,32,-,-,-,100,A,BOU,2026-09-12,H,CHE,2026-09-18,A,AVL,2026-10-10
448708,harvey-barnes,Barnes,,newcastle-united,36,NEW,MID,294,6.0,0.0,2.4,17,5.7,2,0.2,100,1,0,1,18,-,✓,-,100,A,LEE,2026-09-14,H,HUL,2026-09-19,A,COV,2026-10-10
15526,pascal-gross,Groß,,brighton,37,BHA,MID,293,5.6,0.1,16.3,16,5.3,3,1.5,100,1,0,1,15,✓,✓,✓,100,A,COV,2026-09-13,H,ARS,2026-09-19,A,SUN,2026-10-10
586894,iliman-cheikh-ndiaye,Ndiaye,,manchester-city,38,MCI,MID,287,5.9,-0.1,9.0,16,5.3,1,0.8,100,0,1,2,30,-,-,-,100,A,MUN,2026-09-13,H,SUN,2026-09-20,A,LIV,2026-10-10
412034,james-justin,Justin,,leeds-united,39,LEE,DEF,286,4.5,0.0,1.5,16,5.3,2,0.1,100,0,0,1,30,-,-,-,100,H,NEW,2026-09-14,H,CRY,2026-09-19,A,ARS,2026-10-10
425925,kai-havertz,Havertz,,arsenal,40,ARS,FWD,281,7.5,0.0,8.0,16,5.3,2,0.9,100,2,1,2,8,-,-,-,100,A,SUN,2026-09-12,A,BHA,2026-09-19,H,LEE,2026-10-10
532892,tyrick-mitchell,Mitchell,,crystal-palace,41,CRY,DEF,278,4.5,0.0,6.7,16,5.3,2,0.8,100,2,0,0,16,-,-,-,100,H,IPS,2026-09-12,A,LEE,2026-09-19,H,NFO,2026-10-10
700018,michael-olabode-kayode,Kayode,,brentford,42,BRE,DEF,221,4.6,0.1,8.8,16,5.3,1,1.2,100,1,0,1,13,-,-,-,100,A,BOU,2026-09-12,H,CHE,2026-09-18,A,AVL,2026-10-10
732998,jack-hinshelwood,Hinshelwood,Inj,brighton,43,BHA,MID,69,6.0,0.0,0.9,16,16.0,3,1.2,100,2,0,1,3,-,-,-,0,A,COV,2026-09-13,H,ARS,2026-09-19,A,SUN,2026-10-10
297621,david-raya,Raya,,arsenal,44,ARS,GK,298,6.0,0.0,39.1,15,5.0,0,0.0,100,0,0,2,0,-,-,-,100,A,SUN,2026-09-12,A,BHA,2026-09-19,H,LEE,2026-10-10
476382,dominik-szoboszlai,Szoboszlai,,liverpool,45,LIV,MID,298,7.0,0.0,38.5,15,5.0,1,2.1,100,1,0,1,29,✓,✓,✓,100,H,FUL,2026-09-12,A,BOU,2026-09-20,H,MCI,2026-10-10
415917,gabriel-magalhaes,Magalhaes,,arsenal,46,ARS,DEF,298,8.0,0.0,24.1,15,5.0,0,0.8,100,0,0,2,21,-,-,-,100,A,SUN,2026-09-12,A,BHA,2026-09-19,H,LEE,2026-10-10
447408,kiernan-dewsbury-hall,Dewsbury-Hall,,everton,47,EVE,MID,296,6.5,0.0,4.6,15,5.0,3,1.1,100,1,0,1,29,-,✓,-,100,A,TOT,2026-09-12,H,IPS,2026-09-19,A,HUL,2026-10-10
470834,neco-williams,Williams,,nottingham-forest,48,NFO,DEF,292,5.0,0.0,8.1,15,5.0,1,0.5,100,0,1,1,24,-,✓,✓,100,A,AVL,2026-09-12,H,COV,2026-09-19,A,CRY,2026-10-10
522222,kevin-schade,Schade,,brentford,49,BRE,MID,291,6.0,0.0,3.6,15,5.0,3,1.7,100,1,0,1,23,2nd,-,-,100,A,BOU,2026-09-12,H,CHE,2026-09-18,A,AVL,2026-10-10
560137,james-trafford,Trafford,,leeds-united,50,LEE,GK,286,5.0,0.0,5.4,15,5.0,2,0.0,100,0,0,1,0,-,-,-,100,H,NEW,2026-09-14,H,CRY,2026-09-19,A,ARS,2026-10-10
595056,bobby-thomas,Thomas,,coventry-city,51,COV,DEF,273,4.0,0.0,9.1,15,5.0,2,0.6,100,0,0,1,31,-,-,-,100,H,BHA,2026-09-13,A,NFO,2026-09-19,H,NEW,2026-10-10
776857,tyrique-george,George,,everton,52,EVE,MID,255,5.5,0.0,0.6,15,5.0,3,0.9,100,1,0,1,13,-,-,-,100,A,TOT,2026-09-12,H,IPS,2026-09-19,A,HUL,2026-10-10
743480,tarik-muharemovic,Muharemović,,leeds-united,53,LEE,DEF,286,5.0,0.0,3.7,14,4.7,0,0.1,100,0,0,1,39,-,-,-,100,H,NEW,2026-09-14,H,CRY,2026-09-19,A,ARS,2026-10-10
723469,mohamed-elbachir-belloumi,Belloumi,,hull-city,54,HUL,MID,267,5.0,0.0,1.0,14,4.7,0,0.2,100,0,1,3,32,-,✓,✓,100,A,CHE,2026-09-12,A,NEW,2026-09-19,H,EVE,2026-10-10
512982,matheus-cunha,Cunha,,manchester-united,55,MUN,MID,237,7.9,-0.1,6.6,14,4.7,1,0.4,100,0,1,1,8,-,-,-,100,H,MCI,2026-09-13,A,FUL,2026-09-20,H,TOT,2026-10-10
692544,kobbie-mainoo,Mainoo,,manchester-united,56,MUN,MID,198,5.5,0.0,1.4,14,4.7,2,0.3,67,0,1,0,31,-,-,-,100,H,MCI,2026-09-13,A,FUL,2026-09-20,H,TOT,2026-10-10
604320,jarrad-branthwaite,Branthwaite,,everton,57,EVE,DEF,298,5.5,0.0,1.9,13,4.3,0,0.2,100,0,0,1,31,-,-,-,100,A,TOT,2026-09-12,H,IPS,2026-09-19,A,HUL,2026-10-10
333618,kristoffer-ajer,Ajer,,brentford,58,BRE,DEF,296,4.5,0.0,4.6,13,4.3,0,0.2,100,0,0,1,32,-,-,-,100,A,BOU,2026-09-12,H,CHE,2026-09-18,A,AVL,2026-10-10
581004,amar-dedic,Dedić,Dbt,newcastle-united,59,NEW,DEF,295,4.5,0.0,3.1,13,4.3,2,0.1,100,0,1,1,18,-,-,✓,75,A,LEE,2026-09-14,H,HUL,2026-09-19,A,COV,2026-10-10
627012,murillo,Murillo,,nottingham-forest,60,NFO,DEF,289,5.5,0.0,1.6,13,4.3,0,0.7,100,0,0,1,30,-,-,✓,100,A,AVL,2026-09-12,H,COV,2026-09-19,A,CRY,2026-10-10
557406,antoine-semenyo,Semenyo,,manchester-city,61,MCI,MID,289,8.4,-0.1,16.5,13,4.3,0,1.2,100,0,2,1,12,2nd,-,-,100,A,MUN,2026-09-13,H,SUN,2026-09-20,A,LIV,2026-10-10
807014,diego-alexander-gomez,Gómez,,brighton,62,BHA,MID,284,5.0,0.0,4.9,13,4.3,0,1.1,100,0,1,1,20,-,-,✓,100,A,COV,2026-09-13,H,ARS,2026-09-19,A,SUN,2026-10-10
546431,enzo-le-fee,L. Fée,,sunderland,63,SUN,MID,278,5.8,-0.2,4.5,13,4.3,1,1.5,100,1,0,1,14,2nd,✓,✓,100,H,ARS,2026-09-12,A,MCI,2026-09-20,H,BHA,2026-10-10
286368,yoane-wissa,Wissa,,newcastle-united,64,NEW,FWD,278,6.2,0.2,17.7,13,4.3,2,1.3,100,1,1,1,17,2nd,-,-,100,A,LEE,2026-09-14,H,HUL,2026-09-19,A,COV,2026-10-10
263803,timothy-castagne,Castagne,,fulham,65,FUL,DEF,264,4.5,0.0,0.8,13,4.3,0,0.7,100,0,1,1,15,-,-,-,100,A,LIV,2026-09-12,H,MUN,2026-09-20,A,IPS,2026-10-10
379209,declan-rice,Rice,,arsenal,66,ARS,MID,256,7.4,-0.1,13.1,13,4.3,0,0.4,100,0,1,2,24,-,✓,✓,100,A,SUN,2026-09-12,A,BHA,2026-09-19,H,LEE,2026-10-10
780739,victor-munoz,Muñoz,,liverpool,67,LIV,MID,202,6.5,0.0,1.2,13,4.3,0,1.1,67,1,0,1,11,-,-,-,100,H,FUL,2026-09-12,A,BOU,2026-09-20,H,MCI,2026-10-10
341973,nordi-mukiele,Mukiele,,sunderland,68,SUN,DEF,200,5.5,0.0,2.2,13,6.5,1,0.0,100,0,0,1,33,-,-,-,100,H,ARS,2026-09-12,A,MCI,2026-09-20,H,BHA,2026-10-10
541676,dan-ndoye,Ndoye,,nottingham-forest,69,NFO,MID,195,5.5,0.0,0.6,13,4.3,2,0.5,100,1,0,1,17,-,-,-,100,A,AVL,2026-09-12,H,COV,2026-09-19,A,CRY,2026-10-10
497356,wilson-isidor,Isidor,,sunderland,70,SUN,FWD,89,5.5,0.0,1.5,13,4.3,3,0.9,0,1,0,0,2,-,-,-,100,H,ARS,2026-09-12,A,MCI,2026-09-20,H,BHA,2026-10-10
447187,daniel-ballard,Ballard,,sunderland,71,SUN,DEF,297,4.9,-0.1,3.2,12,4.0,0,0.1,100,0,0,1,29,-,-,-,100,H,ARS,2026-09-12,A,MCI,2026-09-20,H,BHA,2026-10-10
424241,nikola-milenkovic,Milenković,,nottingham-forest,72,NFO,DEF,292,5.5,0.0,1.6,12,4.0,0,0.2,100,0,0,1,31,-,-,-,100,A,AVL,2026-09-12,H,COV,2026-09-19,A,CRY,2026-10-10
683194,thierno-barry,Barry,,everton,73,EVE,FWD,255,5.6,0.1,6.0,12,4.0,2,2.1,100,1,0,1,10,✓,-,-,100,A,TOT,2026-09-12,H,IPS,2026-09-19,A,HUL,2026-10-10
527303,zion-suzuki,Suzuki,,aston-villa,74,AVL,GK,195,5.0,0.0,1.8,12,6.0,3,0.0,100,0,0,1,0,-,-,-,100,H,NFO,2026-09-12,A,TOT,2026-09-19,H,BRE,2026-10-10
350868,lewie-coyle,Coyle,,hull-city,75,HUL,DEF,186,4.0,0.0,0.6,12,4.0,0,0.0,100,0,0,2,6,-,-,-,100,A,CHE,2026-09-12,A,NEW,2026-09-19,H,EVE,2026-10-10
644806,emersonn,Emersonn,,ipswich-town,76,IPS,FWD,185,5.5,0.0,1.7,12,4.0,3,0.7,100,1,0,0,7,2nd,-,-,100,A,CRY,2026-09-12,A,EVE,2026-09-19,H,FUL,2026-10-10
449472,mikkel-damsgaard,Damsgaard,,brentford,77,BRE,MID,185,5.5,0.0,0.5,12,4.0,3,1.0,67,0,0,1,17,-,✓,✓,100,A,BOU,2026-09-12,H,CHE,2026-09-18,A,AVL,2026-10-10
621020,cristhian-mosquera,Mosquera,Dbt,arsenal,78,ARS,DEF,177,5.4,-0.1,2.7,12,6.0,0,0.0,100,0,0,2,10,-,-,-,50,A,SUN,2026-09-12,A,BHA,2026-09-19,H,LEE,2026-10-10
512313,jaka-bijol,Bijol,,leeds-united,79,LEE,DEF,175,5.0,0.0,0.8,12,4.0,2,0.4,67,0,0,1,21,-,-,-,100,H,NEW,2026-09-14,H,CRY,2026-09-19,A,ARS,2026-10-10
638742,638742,Ba,,sunderland,80,SUN,DEF,0,4.9,-0.1,3.2,12,4.0,0,,,0,0,1,29,-,-,-,100,H,ARS,2026-09-12,A,MCI,2026-09-20,H,BHA,2026-10-10
406073,vitaliy-mykolenko,Mykolenko,,everton,81,EVE,DEF,298,4.5,0.0,2.0,11,3.7,0,0.1,100,0,0,1,22,-,-,-,100,A,TOT,2026-09-12,H,IPS,2026-09-19,A,HUL,2026-10-10
10131,jordan-pickford,Pickford,,everton,82,EVE,GK,298,5.5,0.0,8.6,11,3.7,0,0.2,100,0,0,1,0,-,-,-,100,A,TOT,2026-09-12,H,IPS,2026-09-19,A,HUL,2026-10-10
345829,caoimhin-kelleher,Kelleher,,brentford,83,BRE,GK,296,5.0,0.0,6.6,11,3.7,0,0.0,100,0,0,1,0,-,-,-,100,A,BOU,2026-09-12,H,CHE,2026-09-18,A,AVL,2026-10-10
930030,harrison-armstrong,Armstrong,,everton,84,EVE,MID,290,5.0,0.0,0.4,11,3.7,0,0.6,100,0,1,1,30,-,-,-,100,A,TOT,2026-09-12,H,IPS,2026-09-19,A,HUL,2026-10-10
483005,regan-slater,Slater,,hull-city,85,HUL,MID,289,4.5,0.0,5.5,11,3.7,0,0.4,100,0,1,3,19,-,✓,-,100,A,CHE,2026-09-12,A,NEW,2026-09-19,H,EVE,2026-10-10
600189,julio-cesar-enciso,Enciso,,ipswich-town,86,IPS,MID,272,5.5,0.0,0.9,11,3.7,0,1.7,100,0,2,0,21,-,-,-,100,A,CRY,2026-09-12,A,EVE,2026-09-19,H,FUL,2026-10-10
485406,evanilson,Evanilson,,bournemouth,87,BOU,FWD,260,6.0,0.0,3.3,11,3.7,0,1.6,100,0,2,2,18,-,-,-,100,H,BRE,2026-09-12,H,LIV,2026-09-20,A,CHE,2026-10-10
590629,christos-tzolis,Tzolis,,arsenal,88,ARS,MID,226,6.4,-0.1,16.1,11,3.7,1,0.9,100,0,0,1,17,-,✓,-,100,A,SUN,2026-09-12,A,BHA,2026-09-19,H,LEE,2026-10-10
846789,cesar-palacios,Palacios,,fulham,89,FUL,MID,219,5.5,0.0,0.2,11,3.7,1,2.0,100,1,0,0,13,-,-,-,100,A,LIV,2026-09-12,H,MUN,2026-09-20,A,IPS,2026-10-10
447205,phil-foden,Foden,,manchester-city,90,MCI,MID,211,7.0,0.0,4.1,11,3.7,1,2.2,67,0,2,0,14,-,✓,✓,100,A,MUN,2026-09-13,H,SUN,2026-09-20,A,LIV,2026-10-10
561186,yeremy-pino,Pino,,crystal-palace,91,CRY,MID,205,5.5,0.0,0.5,11,3.7,0,0.7,67,0,0,0,20,-,✓,✓,100,H,IPS,2026-09-12,A,LEE,2026-09-19,H,NFO,2026-10-10
346159,joe-willock,Willock,,newcastle-united,92,NEW,MID,184,5.0,0.0,0.5,11,3.7,0,0.7,67,1,0,1,8,-,-,-,100,A,LEE,2026-09-14,H,HUL,2026-09-19,A,COV,2026-10-10
898049,malick-junior-yalcouye,Yalcouyé,,brighton,93,BHA,MID,179,4.5,0.0,3.3,11,3.7,1,1.0,67,1,0,0,12,-,-,-,100,A,COV,2026-09-13,H,ARS,2026-09-19,A,SUN,2026-10-10
214220,alisson,Alisson,,liverpool,94,LIV,GK,298,5.5,0.0,4.0,10,3.3,1,0.0,100,0,0,1,0,-,-,-,100,H,FUL,2026-09-12,A,BOU,2026-09-20,H,MCI,2026-10-10
590342,lukas-hornicek,Horníček,,newcastle-united,95,NEW,GK,295,5.0,0.0,1.4,10,3.3,0,0.0,100,0,0,1,0,-,-,-,100,A,LEE,2026-09-14,H,HUL,2026-09-19,A,COV,2026-10-10
9097,lewis-dunk,Dunk,,brighton,96,BHA,DEF,293,4.5,0.0,1.4,10,3.3,1,0.0,100,0,0,1,17,-,-,✓,100,A,COV,2026-09-13,H,ARS,2026-09-19,A,SUN,2026-10-10
754704,jair-cunha,Cunha,,nottingham-forest,97,NFO,DEF,292,4.5,0.0,0.2,10,3.3,0,0.0,100,0,0,1,28,-,-,-,100,A,AVL,2026-09-12,H,COV,2026-09-19,A,CRY,2026-10-10
365880,daichi-kamada,Kamada,,crystal-palace,98,CRY,MID,290,5.0,0.0,0.4,10,3.3,0,0.4,100,0,0,0,27,-,✓,-,100,H,IPS,2026-09-12,A,LEE,2026-09-19,H,NFO,2026-10-10
350999,gianluigi-donnarumma,Donnarumma,,manchester-city,99,MCI,GK,289,5.5,0.0,7.5,10,3.3,0,0.0,100,0,0,1,0,-,-,-,100,A,MUN,2026-09-13,H,SUN,2026-09-20,A,LIV,2026-10-10
258154,ruben-dias,Dias,,manchester-city,100,MCI,DEF,289,5.5,0.0,1.8,10,3.3,0,1.4,100,0,0,1,15,-,-,-,100,A,MUN,2026-09-13,H,SUN,2026-09-20,A,LIV,2026-10-10
626252,gonzalo-garcia,García,,fulham,101,FUL,FWD,289,6.0,0.0,3.9,10,3.3,0,2.3,100,1,0,0,13,✓,-,-,100,A,LIV,2026-09-12,H,MUN,2026-09-20,A,IPS,2026-10-10
590781,jan-paul-van-hecke,v. Hecke,,tottenham-hotspur,102,TOT,DEF,287,4.9,-0.1,6.8,10,3.3,2,0.4,100,0,0,1,21,-,-,-,100,H,EVE,2026-09-12,H,AVL,2026-09-19,A,MUN,2026-10-10
293687,dominic-calvert-lewin,Calvert-Lewin,,leeds-united,103,LEE,FWD,265,6.0,0.0,22.2,10,3.3,2,1.6,100,1,0,1,9,✓,-,-,100,H,NEW,2026-09-14,H,CRY,2026-09-19,A,ARS,2026-10-10
479155,nathan-collins,Collins,Inj,brentford,104,BRE,DEF,209,5.5,0.0,1.5,10,3.3,0,0.7,100,0,0,1,17,-,-,-,0,A,BOU,2026-09-12,H,CHE,2026-09-18,A,AVL,2026-10-10
760912,nilson-david-angulo,Angulo,,sunderland,105,SUN,MID,199,5.0,0.0,0.1,10,3.3,0,0.2,100,1,0,1,17,-,-,✓,100,H,ARS,2026-09-12,A,MCI,2026-09-20,H,BHA,2026-10-10
496823,pedro-neto,Neto,,chelsea,106,CHE,MID,173,6.5,0.0,1.4,10,3.3,0,1.1,67,1,0,0,15,-,✓,✓,100,H,HUL,2026-09-12,A,BRE,2026-09-18,H,BOU,2026-10-10
370,virgil-van-dijk,v. Dijk,,liverpool,107,LIV,DEF,298,6.5,0.0,17.2,9,3.0,0,0.6,100,0,0,1,25,-,-,-,100,H,FUL,2026-09-12,A,BOU,2026-09-20,H,MCI,2026-10-10
294415,reinildo,Reinildo,,sunderland,108,SUN,DEF,297,4.5,0.0,0.4,9,3.0,0,0.3,100,0,0,1,22,-,-,-,100,H,ARS,2026-09-12,A,MCI,2026-09-20,H,BHA,2026-10-10
636157,robin-roefs,Roefs,,sunderland,109,SUN,GK,297,5.0,0.0,2.9,9,3.0,0,0.0,100,0,0,1,0,-,-,-,100,H,ARS,2026-09-12,A,MCI,2026-09-20,H,BHA,2026-10-10
475597,sven-botman,Botman,,newcastle-united,110,NEW,DEF,295,5.0,0.0,0.7,9,3.0,0,0.0,100,0,0,1,24,-,-,-,100,A,LEE,2026-09-14,H,HUL,2026-09-19,A,COV,2026-10-10
592655,leif-davis,Davis,,ipswich-town,111,IPS,DEF,294,4.0,0.0,5.1,9,3.0,0,1.0,100,1,0,0,17,-,-,✓,100,A,CRY,2026-09-12,A,EVE,2026-09-19,H,FUL,2026-10-10
504375,maxence-lacroix,Lacroix,,chelsea,112,CHE,DEF,294,6.0,0.0,8.1,9,3.0,0,0.4,100,0,1,0,32,-,-,-,100,H,HUL,2026-09-12,A,BRE,2026-09-18,H,BOU,2026-10-10
622482,bart-verbruggen,Verbruggen,,brighton,113,BHA,GK,293,4.5,0.0,22.3,9,3.0,0,0.0,100,0,0,1,0,-,-,-,100,A,COV,2026-09-13,H,ARS,2026-09-19,A,SUN,2026-10-10
37897,matz-willy-els-sels,Sels,,nottingham-forest,114,NFO,GK,292,5.0,0.0,1.4,9,3.0,0,0.0,100,0,0,1,0,-,-,-,100,A,AVL,2026-09-12,H,COV,2026-09-19,A,CRY,2026-10-10
546441,antonin-kinsky,Kinský,,tottenham-hotspur,115,TOT,GK,287,4.5,0.0,18.2,9,3.0,0,0.0,100,0,0,1,0,-,-,-,100,H,EVE,2026-09-12,H,AVL,2026-09-19,A,MUN,2026-10-10
423162,ethan-ampadu,Ampadu,,leeds-united,116,LEE,MID,286,5.4,-0.1,1.0,9,3.0,0,0.1,100,0,0,1,34,-,-,-,100,H,NEW,2026-09-14,H,CRY,2026-09-19,A,ARS,2026-10-10
653730,abdukodir-khusanov,Khusanov,,manchester-city,117,MCI,DEF,283,5.5,0.0,1.6,9,3.0,0,0.0,100,0,0,1,17,-,-,-,100,A,MUN,2026-09-13,H,SUN,2026-09-20,A,LIV,2026-10-10
518231,sandro-tonali,Tonali,,tottenham-hotspur,118,TOT,MID,270,5.4,-0.1,2.5,9,3.0,0,0.1,100,0,0,1,20,-,-,-,100,H,EVE,2026-09-12,H,AVL,2026-09-19,A,MUN,2026-10-10
37824,thomas-meunier,Meunier,,sunderland,119,SUN,DEF,265,4.5,0.0,0.3,9,3.0,0,0.4,100,0,0,1,14,-,-,-,100,H,ARS,2026-09-12,A,MCI,2026-09-20,H,BHA,2026-10-10
577394,florian-wirtz,Wirtz,,liverpool,120,LIV,MID,257,7.4,-0.1,7.9,9,3.0,0,1.4,100,0,1,1,19,3rd+,✓,✓,100,H,FUL,2026-09-12,A,BOU,2026-09-20,H,MCI,2026-10-10
763364,jeremy-jacquet,Jacquet,,liverpool,121,LIV,DEF,250,5.0,0.0,2.7,9,3.0,0,0.0,100,0,0,1,23,-,-,-,100,H,FUL,2026-09-12,A,BOU,2026-09-20,H,MCI,2026-10-10
578843,trai-hume,Hume,,sunderland,122,SUN,DEF,209,4.4,-0.1,3.9,9,3.0,0,0.0,67,0,0,1,12,-,✓,-,100,H,ARS,2026-09-12,A,MCI,2026-09-20,H,BHA,2026-10-10
609113,romeo-lavia,Lavia,,chelsea,123,CHE,MID,202,5.0,0.0,0.2,9,3.0,0,1.4,100,1,0,0,22,-,-,-,100,H,HUL,2026-09-12,A,BRE,2026-09-18,H,BOU,2026-10-10
625787,micky-van-de-ven,v. d. Ven,,tottenham-hotspur,124,TOT,DEF,192,5.0,0.0,3.8,9,4.5,3,0.4,100,0,0,1,17,-,-,-,100,H,EVE,2026-09-12,H,AVL,2026-09-19,A,MUN,2026-10-10
470747,ronald-federico-araujo,Araújo,,liverpool,125,LIV,DEF,144,5.4,-0.1,2.6,9,3.0,0,0.0,33,0,0,1,15,-,-,-,100,H,FUL,2026-09-12,A,BOU,2026-09-20,H,MCI,2026-10-10
654893,adam-james-wharton,Wharton,,crystal-palace,126,CRY,MID,295,5.5,0.0,0.9,8,2.7,0,0.4,100,0,0,0,29,-,✓,-,100,H,IPS,2026-09-12,A,LEE,2026-09-19,H,NFO,2026-10-10
521375,malick-thiaw,Thiaw,,newcastle-united,127,NEW,DEF,295,5.0,0.0,2.1,8,2.7,0,0.0,100,0,0,1,21,-,-,-,100,A,LEE,2026-09-14,H,HUL,2026-09-19,A,COV,2026-10-10
288865,oliver-mc-burnie,McBurnie,,hull-city,128,HUL,FWD,289,5.5,0.0,1.9,8,2.7,0,0.8,100,0,0,3,12,✓,-,-,100,A,CHE,2026-09-12,A,NEW,2026-09-19,H,EVE,2026-10-10
237269,sasa-lukic,Lukić,,ipswich-town,129,IPS,MID,271,5.0,0.0,0.1,8,2.7,0,0.1,100,0,1,0,21,-,✓,-,100,A,CRY,2026-09-12,A,EVE,2026-09-19,H,FUL,2026-10-10
263802,youri-tielemans,Tielemans,,manchester-united,130,MUN,MID,269,5.9,-0.1,1.7,8,2.7,0,1.0,100,0,0,0,25,3rd+,-,-,100,H,MCI,2026-09-13,A,FUL,2026-09-20,H,TOT,2026-10-10
551573,ian-maatsen,Maatsen,,aston-villa,131,AVL,DEF,264,4.5,0.0,0.8,8,2.7,1,0.6,100,0,0,1,20,-,-,-,100,H,NFO,2026-09-12,A,TOT,2026-09-19,H,BRE,2026-10-10
387702,elliott-anderson,Anderson,,manchester-city,132,MCI,MID,244,6.3,-0.2,4.3,8,2.7,0,0.6,100,0,0,1,31,-,✓,-,100,A,MUN,2026-09-13,H,SUN,2026-09-20,A,LIV,2026-10-10
767330,lewis-miley,Miley,,newcastle-united,133,NEW,MID,241,5.5,0.0,0.1,8,2.7,0,0.1,100,0,0,1,26,-,✓,-,100,A,LEE,2026-09-14,H,HUL,2026-09-19,A,COV,2026-10-10
745926,myles-lewis-skelly,Lewis-Skelly,,arsenal,134,ARS,MID,241,5.5,0.0,0.7,8,2.7,0,0.2,100,0,0,2,14,-,-,-,100,A,SUN,2026-09-12,A,BHA,2026-09-19,H,LEE,2026-10-10
361807,rodrigo-bentancur,Bentancur,,tottenham-hotspur,135,TOT,MID,241,5.5,0.0,0.2,8,2.7,0,0.0,67,0,0,1,33,-,-,-,100,H,EVE,2026-09-12,H,AVL,2026-09-19,A,MUN,2026-10-10
729649,issahaku-abdul-fatawu,Fatawu,,ipswich-town,136,IPS,MID,237,5.5,0.0,0.2,8,2.7,0,0.8,100,0,1,0,17,-,✓,-,100,A,CRY,2026-09-12,A,EVE,2026-09-19,H,FUL,2026-10-10
775203,jorrel-hato,Hato,,chelsea,137,CHE,DEF,230,4.5,0.0,1.0,8,2.7,0,0.5,100,0,2,0,15,-,-,-,100,H,HUL,2026-09-12,A,BRE,2026-09-18,H,BOU,2026-10-10
282806,xaver-schlager,Schlager,,nottingham-forest,138,NFO,MID,216,5.0,0.0,0.1,8,2.7,0,0.0,67,0,0,1,26,-,✓,-,100,A,AVL,2026-09-12,H,COV,2026-09-19,A,CRY,2026-10-10
858760,charalampos-kostoulas,Kostoulas,,brighton,139,BHA,FWD,210,5.5,0.0,0.5,8,2.7,0,0.8,67,0,0,0,16,-,-,-,100,A,COV,2026-09-13,H,ARS,2026-09-19,A,SUN,2026-10-10
551442,pedro-porro,Porro,Dbt,tottenham-hotspur,140,TOT,DEF,192,5.5,0.0,11.0,8,4.0,1,0.3,100,0,0,1,8,-,✓,✓,75,H,EVE,2026-09-12,H,AVL,2026-09-19,A,MUN,2026-10-10
531456,hayden-hackney,Hackney,,everton,141,EVE,MID,138,5.5,0.0,0.2,8,2.7,0,0.3,33,0,1,1,11,-,✓,-,100,A,TOT,2026-09-12,H,IPS,2026-09-19,A,HUL,2026-10-10
576405,jack-clarke,Clarke,,ipswich-town,142,IPS,MID,51,5.4,-0.1,0.2,8,4.0,1,0.3,0,1,0,0,4,-,-,-,100,A,CRY,2026-09-12,A,EVE,2026-09-19,H,FUL,2026-10-10
447195,harry-clarke,Clarke,,ipswich-town,143,IPS,MID,0,5.4,-0.1,0.2,8,4.0,1,,,0,0,0,4,✓,✓,✓,100,A,CRY,2026-09-12,A,EVE,2026-09-19,H,FUL,2026-10-10
1103728,1103728,Miley,,newcastle-united,144,NEW,MID,0,5.5,0.0,0.1,8,2.7,0,,,0,0,1,26,-,-,-,100,A,LEE,2026-09-14,H,HUL,2026-09-19,A,COV,2026-10-10
8653,harry-maguire,Maguire,,manchester-united,145,MUN,DEF,298,4.9,-0.1,11.0,7,2.3,0,0.3,100,0,0,0,21,-,-,-,100,H,MCI,2026-09-13,A,FUL,2026-09-20,H,TOT,2026-10-10
404216,boubacar-kamara,Kamara,,aston-villa,146,AVL,MID,295,5.0,0.0,0.3,7,2.3,0,0.0,100,0,0,1,25,-,-,-,100,H,NFO,2026-09-12,A,TOT,2026-09-19,H,BRE,2026-10-10
286380,issa-diop,Diop,,ipswich-town,147,IPS,DEF,294,4.0,0.0,14.4,7,2.3,0,0.1,100,0,0,0,28,-,-,-,100,A,CRY,2026-09-12,A,EVE,2026-09-19,H,FUL,2026-10-10
399581,dara-o-shea,O'Shea,,ipswich-town,148,IPS,DEF,294,4.0,0.0,3.0,7,2.3,0,0.1,100,0,0,0,30,-,-,-,100,A,CRY,2026-09-12,A,EVE,2026-09-19,H,FUL,2026-10-10
631944,antonio-silva,Silva,,bournemouth,149,BOU,DEF,293,5.0,0.0,0.4,7,2.3,0,0.3,100,0,0,0,31,-,-,-,100,H,BRE,2026-09-12,H,LIV,2026-09-20,A,CHE,2026-10-10
296888,olivier-boscagli,Boscagli,,brighton,150,BHA,DEF,292,4.5,0.0,0.3,7,2.3,0,0.5,100,0,0,1,13,-,-,-,100,A,COV,2026-09-13,H,ARS,2026-09-19,A,SUN,2026-10-10
326547,emiliano-buendia,Buendía,,aston-villa,151,AVL,MID,272,5.9,-0.1,1.0,7,2.3,0,0.7,100,0,0,1,14,✓,✓,✓,100,H,NFO,2026-09-12,A,TOT,2026-09-19,H,BRE,2026-10-10
528194,james-john-mc-atee,McAtee,,nottingham-forest,152,NFO,MID,270,5.5,0.0,0.1,7,2.3,0,0.6,100,0,0,2,23,-,✓,-,100,A,AVL,2026-09-12,H,COV,2026-09-19,A,CRY,2026-10-10
8135,luke-shaw,Shaw,Dbt,manchester-united,153,MUN,DEF,269,4.4,-0.1,12.3,7,2.3,0,0.7,100,0,1,0,20,-,✓,-,75,H,MCI,2026-09-13,A,FUL,2026-09-20,H,TOT,2026-10-10
421696,matty-cash,Cash,Dbt,aston-villa,154,AVL,DEF,266,4.5,0.0,6.2,7,2.3,0,0.2,100,0,0,1,14,-,✓,-,75,H,NFO,2026-09-12,A,TOT,2026-09-19,H,BRE,2026-10-10
8246,ross-barkley,Barkley,,aston-villa,155,AVL,MID,254,5.0,0.0,0.3,7,2.3,0,0.8,100,0,0,1,17,-,✓,-,100,H,NFO,2026-09-12,A,TOT,2026-09-19,H,BRE,2026-10-10
824774,george-hemmings,Hemmings,,aston-villa,156,AVL,MID,248,4.5,0.0,1.3,7,2.3,0,0.1,100,0,0,1,18,-,-,-,100,H,NFO,2026-09-12,A,TOT,2026-09-19,H,BRE,2026-10-10
681063,mathys-tel,Tel,,tottenham-hotspur,157,TOT,MID,244,5.8,-0.2,0.3,7,2.3,0,0.3,100,0,0,1,13,-,✓,✓,100,H,EVE,2026-09-12,H,AVL,2026-09-19,A,MUN,2026-10-10
404757,justin-kluivert,Kluivert,,bournemouth,158,BOU,MID,240,6.0,0.0,1.0,7,2.3,0,0.8,100,0,0,2,18,2nd,✓,✓,100,H,BRE,2026-09-12,H,LIV,2026-09-20,A,CHE,2026-10-10
619725,oscar-bobb,Bobb,,fulham,159,FUL,MID,226,5.5,0.0,0.3,7,2.3,0,1.7,100,0,0,1,15,-,✓,-,100,A,LIV,2026-09-12,H,MUN,2026-09-20,A,IPS,2026-10-10
346158,eddie-nketiah,Nketiah,,crystal-palace,160,CRY,FWD,180,5.5,0.0,0.7,7,2.3,0,1.4,100,0,1,0,11,-,-,-,100,H,IPS,2026-09-12,A,LEE,2026-09-19,H,NFO,2026-10-10
302518,lewis-cook,Cook,,bournemouth,161,BOU,MID,171,5.0,0.0,0.2,7,2.3,0,0.0,67,0,0,2,10,-,-,-,100,H,BRE,2026-09-12,H,LIV,2026-09-20,A,CHE,2026-10-10
589075,mats-wieffer,Wieffer,Inj,brighton,162,BHA,DEF,168,5.0,0.0,0.3,7,3.5,1,0.3,100,0,0,1,15,-,-,-,0,A,COV,2026-09-13,H,ARS,2026-09-19,A,SUN,2026-10-10
535824,ryan-gravenberch,Gravenberch,,liverpool,163,LIV,MID,138,5.9,-0.1,1.3,7,2.3,0,0.1,33,0,1,0,14,-,-,-,100,H,FUL,2026-09-12,A,BOU,2026-09-20,H,MCI,2026-10-10
412919,joe-rodon,Rodon,Inj,leeds-united,164,LEE,DEF,133,4.4,-0.1,1.3,7,3.5,0,0.2,100,0,0,1,11,-,-,-,0,H,NEW,2026-09-14,H,CRY,2026-09-19,A,ARS,2026-10-10
239411,tyrone-mings,Mings,,aston-villa,165,AVL,DEF,115,4.5,0.0,0.4,7,3.5,0,0.6,50,0,0,1,6,-,-,-,100,H,NFO,2026-09-12,A,TOT,2026-09-19,H,BRE,2026-10-10
604763,iyenoma-destiny-udogie,Udogie,Dbt,tottenham-hotspur,166,TOT,DEF,97,4.5,0.0,0.4,7,2.3,0,0.2,33,0,0,1,4,-,-,-,75,H,EVE,2026-09-12,H,AVL,2026-09-19,A,MUN,2026-10-10
470680,jacob-ramsey,Ramsey,,newcastle-united,167,NEW,MID,88,4.9,-0.1,0.4,7,2.3,0,0.2,0,1,0,0,11,-,-,-,100,A,LEE,2026-09-14,H,HUL,2026-09-19,A,COV,2026-10-10
590472,benjamin-sesko,Šeško,,manchester-united,168,MUN,FWD,74,7.0,0.0,1.7,7,2.3,0,0.5,0,1,0,0,3,-,-,-,100,H,MCI,2026-09-13,A,FUL,2026-09-20,H,TOT,2026-10-10
279717,279717,Maitland-Niles,,everton,169,EVE,DEF,19,4.5,0.0,0.3,7,7.0,0,0.1,0,1,0,0,0,-,-,-,100,A,TOT,2026-09-12,H,IPS,2026-09-19,A,HUL,2026-10-10
350976,ben-chilwell,Chilwell,,crystal-palace,170,CRY,DEF,17,4.5,0.0,0.5,7,7.0,0,0.4,0,1,0,0,0,-,-,-,100,H,IPS,2026-09-12,A,LEE,2026-09-19,H,NFO,2026-10-10
71703,victor-lindelof,Lindelöf,,aston-villa,171,AVL,DEF,295,4.5,0.0,0.3,6,2.0,0,0.2,100,0,0,1,14,-,-,-,100,H,NFO,2026-09-12,A,TOT,2026-09-19,H,BRE,2026-10-10
473623,kjell-scherpen,Scherpen,,ipswich-town,172,IPS,GK,294,4.5,0.0,0.6,6,2.0,0,0.0,100,0,0,0,0,-,-,-,100,A,CRY,2026-09-12,A,EVE,2026-09-19,H,FUL,2026-10-10
627131,james-hill,Hill,,bournemouth,173,BOU,DEF,293,5.5,0.0,0.8,6,2.0,0,0.6,100,0,0,0,24,-,-,-,100,H,BRE,2026-09-12,H,LIV,2026-09-20,A,CHE,2026-10-10
476034,djordje-petrovic,Petrović,,bournemouth,174,BOU,GK,293,4.5,0.0,3.3,6,2.0,0,0.0,100,0,0,0,0,-,-,-,100,H,BRE,2026-09-12,H,LIV,2026-09-20,A,CHE,2026-10-10
569092,milan-van-ewijk,v. Ewijk,,coventry-city,175,COV,DEF,290,4.0,0.0,10.7,6,2.0,0,0.1,100,0,0,0,20,-,-,-,100,H,BHA,2026-09-13,A,NFO,2026-09-19,H,NEW,2026-10-10
274487,matt-grimes,Grimes,,coventry-city,176,COV,MID,290,5.0,0.0,0.1,6,2.0,0,0.0,100,0,0,0,25,3rd+,✓,-,100,H,BHA,2026-09-13,A,NFO,2026-09-19,H,NEW,2026-10-10
14768,bernd-leno,Leno,,fulham,177,FUL,GK,289,4.5,0.0,2.9,6,2.0,0,0.0,100,0,0,0,0,-,-,-,100,A,LIV,2026-09-12,H,MUN,2026-09-20,A,IPS,2026-10-10
802879,rayan,Rayan,,bournemouth,178,BOU,MID,281,6.4,-0.1,1.9,6,2.0,0,0.8,100,0,0,0,8,-,-,-,100,H,BRE,2026-09-12,H,LIV,2026-09-20,A,CHE,2026-10-10
230020,alex-iwobi,Iwobi,,fulham,179,FUL,MID,278,5.4,-0.1,0.7,6,2.0,0,0.8,100,0,0,0,18,3rd+,✓,✓,100,A,LIV,2026-09-12,H,MUN,2026-09-20,A,IPS,2026-10-10
645055,noah-sadiki,Sadiki,,sunderland,180,SUN,MID,275,4.9,-0.1,0.3,6,2.0,0,1.1,100,0,0,1,16,-,-,-,100,H,ARS,2026-09-12,A,MCI,2026-09-20,H,BHA,2026-10-10
656446,milos-kerkez,Kerkez,,liverpool,181,LIV,DEF,273,5.4,-0.1,2.7,6,2.0,0,0.0,100,0,0,1,20,-,-,-,100,H,FUL,2026-09-12,A,BOU,2026-09-20,H,MCI,2026-10-10
580340,merlin-rohl,Röhl,,everton,182,EVE,MID,268,5.0,0.0,0.0,6,2.0,0,0.3,100,0,0,1,24,-,-,-,100,A,TOT,2026-09-12,H,IPS,2026-09-19,A,HUL,2026-10-10
546657,brian-brobbey,Brobbey,,sunderland,183,SUN,FWD,240,5.8,-0.2,7.0,6,2.0,0,1.2,100,0,0,1,7,-,-,-,100,H,ARS,2026-09-12,A,MCI,2026-09-20,H,BHA,2026-10-10
419853,daizen-maeda,Maeda,,ipswich-town,184,IPS,MID,227,5.4,-0.1,0.3,6,2.0,0,0.2,100,0,0,0,19,-,-,-,100,A,CRY,2026-09-12,A,EVE,2026-09-19,H,FUL,2026-10-10
240378,temitayo-olufisayo-aina,Aina,,nottingham-forest,185,NFO,DEF,227,4.5,0.0,2.6,6,2.0,0,0.6,100,0,0,1,14,-,-,-,100,A,AVL,2026-09-12,H,COV,2026-09-19,A,CRY,2026-10-10
780691,anan-khalaili,Khalaili,,crystal-palace,186,CRY,DEF,219,5.0,0.0,0.3,6,2.0,0,0.7,67,0,0,0,33,-,-,-,100,H,IPS,2026-09-12,A,LEE,2026-09-19,H,NFO,2026-10-10
397178,marcus-rashford,Rashford,,manchester-united,187,MUN,MID,206,7.0,0.0,1.6,6,2.0,0,1.2,67,0,0,1,11,-,-,✓,100,H,MCI,2026-09-13,A,FUL,2026-09-20,H,TOT,2026-10-10
614003,elliot-stroud,Stroud,,hull-city,188,HUL,MID,200,5.0,0.0,0.1,6,2.0,0,0.1,100,0,0,2,15,-,-,-,100,A,CHE,2026-09-12,A,NEW,2026-09-19,H,EVE,2026-10-10
222220,andrew-robertson,Robertson,,tottenham-hotspur,189,TOT,DEF,198,4.4,-0.1,2.7,6,2.0,0,0.3,67,0,0,0,15,-,✓,-,100,H,EVE,2026-09-12,H,AVL,2026-09-19,A,MUN,2026-10-10
604319,jack-rudoni,Rudoni,,coventry-city,190,COV,MID,163,5.0,0.0,0.1,6,2.0,0,0.7,67,0,0,1,16,-,✓,✓,100,H,BHA,2026-09-13,A,NFO,2026-09-19,H,NEW,2026-10-10
472279,noah-okafor,Okafor,,leeds-united,191,LEE,MID,162,5.9,-0.1,0.3,6,2.0,0,0.2,67,0,0,1,7,-,-,-,100,H,NEW,2026-09-14,H,CRY,2026-09-19,A,ARS,2026-10-10
653939,marcelino-ignacio-nunez,Núñez,,ipswich-town,192,IPS,MID,146,5.0,0.0,0.1,6,3.0,0,0.1,100,0,0,0,21,-,✓,✓,100,A,CRY,2026-09-12,A,EVE,2026-09-19,H,FUL,2026-10-10
368225,tyler-adams,Adams,,bournemouth,193,BOU,MID,123,5.0,0.0,0.3,6,2.0,0,0.0,33,0,0,0,18,-,-,-,100,H,BRE,2026-09-12,H,LIV,2026-09-20,A,CHE,2026-10-10
493183,ao-tanaka,Tanaka,,leeds-united,194,LEE,MID,122,4.9,-0.1,0.2,6,3.0,0,0.8,50,0,0,0,19,-,✓,-,100,H,NEW,2026-09-14,H,CRY,2026-09-19,A,ARS,2026-10-10
134308,chuba-akpom,Akpom,,ipswich-town,195,IPS,FWD,80,5.0,0.0,1.2,6,3.0,0,0.5,0,1,0,0,3,-,-,-,100,A,CRY,2026-09-12,A,EVE,2026-09-19,H,FUL,2026-10-10
361163,mathias-jensen,Jensen,Inj,brentford,196,BRE,MID,69,5.4,-0.1,0.1,6,6.0,0,0.6,100,0,0,1,5,3rd+,✓,✓,0,A,BOU,2026-09-12,H,CHE,2026-09-18,A,AVL,2026-10-10
448614,liam-millar,Millar,Loa,hull-city,197,HUL,MID,61,5.0,0.0,0.0,6,3.0,0,0.4,0,1,0,0,4,-,-,-,0,A,CHE,2026-09-12,A,NEW,2026-09-19,H,EVE,2026-10-10
549490,senne-lammens,Lammens,,manchester-united,198,MUN,GK,298,5.0,0.0,11.4,5,1.7,0,0.0,100,0,0,0,0,-,-,-,100,H,MCI,2026-09-13,A,FUL,2026-09-20,H,TOT,2026-10-10
283147,dean-henderson,Henderson,,crystal-palace,199,CRY,GK,295,5.0,0.0,2.1,5,1.7,0,0.0,100,0,0,0,0,-,-,-,100,H,IPS,2026-09-12,A,LEE,2026-09-19,H,NFO,2026-10-10
627708,adrien-truffert,Truffert,,bournemouth,200,BOU,DEF,293,5.5,0.0,3.4,5,1.7,2,0.3,100,0,0,0,22,-,-,-,100,H,BRE,2026-09-12,H,LIV,2026-09-20,A,CHE,2026-10-10
596845,carl-rushworth,Rushworth,,coventry-city,201,COV,GK,290,4.5,0.0,0.9,5,1.7,0,0.0,100,0,0,0,0,-,-,-,100,H,BHA,2026-09-13,A,NFO,2026-09-19,H,NEW,2026-10-10
223794,john-mc-ginn,McGinn,,aston-villa,202,AVL,MID,282,5.4,-0.1,2.3,5,1.7,0,0.7,100,0,0,1,15,-,✓,-,100,H,NFO,2026-09-12,A,TOT,2026-09-19,H,BRE,2026-10-10
299710,jay-dasilva,Dasilva,,coventry-city,203,COV,DEF,282,4.0,0.0,0.7,5,1.7,0,0.2,100,0,0,0,16,-,-,-,100,H,BHA,2026-09-13,A,NFO,2026-09-19,H,NEW,2026-10-10
822917,joshua-kofi-acheampong,Acheampong,,chelsea,204,CHE,DEF,224,4.5,0.0,0.4,5,1.7,0,0.0,67,0,0,0,19,-,-,-,100,H,HUL,2026-09-12,A,BRE,2026-09-18,H,BOU,2026-10-10
481911,alexis-mac-allister,M. Allister,,liverpool,205,LIV,MID,203,5.4,-0.1,1.4,5,1.7,0,0.2,67,0,0,1,24,3rd+,-,-,100,H,FUL,2026-09-12,A,BOU,2026-09-20,H,MCI,2026-10-10
7848,damian-emiliano-martinez,Martínez,,chelsea,206,CHE,GK,198,5.0,0.0,5.2,5,2.5,0,0.0,100,0,0,0,0,-,-,-,100,H,HUL,2026-09-12,A,BRE,2026-09-18,H,BOU,2026-10-10
285506,taiwo-awoniyi,Awoniyi,,coventry-city,207,COV,FWD,194,5.5,0.0,0.7,5,1.7,0,0.9,67,0,0,0,9,3rd+,-,-,100,H,BHA,2026-09-13,A,NFO,2026-09-19,H,NEW,2026-10-10
367922,sander-gard-berge,Berge,,fulham,208,FUL,MID,193,4.9,-0.1,0.3,5,1.7,0,0.1,67,0,0,0,8,-,-,-,100,A,LIV,2026-09-12,H,MUN,2026-09-20,A,IPS,2026-10-10
1053585,caleb-yirenkyi,Yirenkyi,,coventry-city,209,COV,MID,171,4.9,-0.1,0.2,5,1.7,0,0.4,67,0,0,1,16,-,-,-,100,H,BHA,2026-09-13,A,NFO,2026-09-19,H,NEW,2026-10-10
512281,brenden-aaronson,Aaronson,,leeds-united,210,LEE,MID,166,5.4,-0.1,0.6,5,1.7,0,0.0,67,0,0,1,10,-,-,✓,100,H,NEW,2026-09-14,H,CRY,2026-09-19,A,ARS,2026-10-10
236528,nico-elvedi,Elvedi,,leeds-united,211,LEE,DEF,153,4.5,0.0,0.0,5,2.5,0,0.6,50,0,0,0,16,-,-,-,100,H,NEW,2026-09-14,H,CRY,2026-09-19,A,ARS,2026-10-10
698840,dango-ouattara,Ouattara,,brentford,212,BRE,MID,152,6.4,-0.1,0.6,5,1.7,0,0.4,67,0,0,1,24,-,✓,-,100,A,BOU,2026-09-12,H,CHE,2026-09-18,A,AVL,2026-10-10
412027,ezri-konsa,Konsa,,arsenal,213,ARS,DEF,120,4.5,0.0,16.2,5,2.5,0,0.0,50,0,0,0,11,-,-,-,100,A,SUN,2026-09-12,A,BHA,2026-09-19,H,LEE,2026-10-10
364082,exequiel-alejandro-palacios,Palacios,,ipswich-town,214,IPS,MID,118,5.0,0.0,0.0,5,2.5,0,0.1,50,0,0,0,25,-,-,-,100,A,CRY,2026-09-12,A,EVE,2026-09-19,H,FUL,2026-10-10
579610,georginio-rutter,Rutter,Dbt,brighton,215,BHA,FWD,100,5.4,-0.1,0.6,5,5.0,0,0.7,100,0,1,1,7,-,-,-,75,A,COV,2026-09-13,H,ARS,2026-09-19,A,SUN,2026-10-10
353241,lukas-nmecha,Nmecha,,leeds-united,216,LEE,FWD,46,5.4,-0.1,0.5,5,2.5,0,0.4,0,0,0,0,1,2nd,-,-,100,H,NEW,2026-09-14,H,CRY,2026-09-19,A,ARS,2026-10-10
659288,mouhamadou-habib-diarra,Diarra,Inj,sunderland,217,SUN,MID,34,5.4,-0.1,0.0,5,2.5,0,0.3,0,0,1,0,0,✓,-,-,0,H,ARS,2026-09-12,A,MCI,2026-09-20,H,BHA,2026-10-10
534563,chris-richards,Richards,,crystal-palace,218,CRY,DEF,295,5.0,0.0,0.7,4,1.3,0,0.3,100,0,0,0,31,-,-,-,100,H,IPS,2026-09-12,A,LEE,2026-09-19,H,NFO,2026-10-10
611738,aurele-amenda,Amenda,,coventry-city,219,COV,DEF,290,4.0,0.0,0.8,4,1.3,0,0.0,100,0,0,0,16,-,-,-,100,H,BHA,2026-09-13,A,NFO,2026-09-19,H,NEW,2026-10-10
607630,igor-thiago,Thiago,,brentford,220,BRE,FWD,289,7.9,-0.1,11.0,4,1.3,0,2.1,100,0,0,1,15,✓,-,-,100,A,BOU,2026-09-12,H,CHE,2026-09-18,A,AVL,2026-10-10
383569,antonee-robinson,Robinson,,fulham,221,FUL,DEF,266,4.5,0.0,1.4,4,1.3,0,0.5,100,0,0,0,15,2nd,-,-,100,A,LIV,2026-09-12,H,MUN,2026-09-20,A,IPS,2026-10-10
556175,igor-jesus,Jesus,,nottingham-forest,222,NFO,FWD,228,5.9,-0.1,2.5,4,1.3,0,0.9,67,0,0,0,9,3rd+,-,-,100,A,AVL,2026-09-12,H,COV,2026-09-19,A,CRY,2026-10-10
488453,lisandro-martinez,Martínez,,manchester-united,223,MUN,DEF,200,5.0,0.0,1.2,4,2.0,0,0.0,100,0,0,0,10,-,-,-,100,H,MCI,2026-09-13,A,FUL,2026-09-20,H,TOT,2026-10-10
500553,omar-marmoush,Marmoush,,manchester-city,224,MCI,FWD,181,7.0,0.0,2.3,4,2.0,0,0.6,100,0,0,1,4,2nd,-,✓,100,A,MUN,2026-09-13,H,SUN,2026-09-20,A,LIV,2026-10-10
369589,diogo-dalot,Dalot,,manchester-united,225,MUN,DEF,179,4.9,-0.1,1.9,4,1.3,0,0.9,67,0,0,0,11,-,-,-,100,H,MCI,2026-09-13,A,FUL,2026-09-20,H,TOT,2026-10-10
586584,loum-tchaouna,Tchaouna,,coventry-city,226,COV,MID,176,5.4,-0.1,0.1,4,1.3,0,0.3,67,0,0,0,15,-,✓,-,100,H,BHA,2026-09-13,A,NFO,2026-09-19,H,NEW,2026-10-10
480781,james-garner,Garner,,everton,227,EVE,MID,164,6.0,0.0,0.1,4,1.3,0,0.1,67,0,0,0,19,2nd,✓,✓,100,A,TOT,2026-09-12,H,IPS,2026-09-19,A,HUL,2026-10-10
677949,yasin-abbas-ayari,Ayari,,brighton,228,BHA,MID,164,5.4,-0.1,0.4,4,2.0,0,0.4,100,0,0,1,7,-,✓,✓,100,A,COV,2026-09-13,H,ARS,2026-09-19,A,SUN,2026-10-10
419219,frank-onyeka,Onyeka,,coventry-city,229,COV,MID,162,4.9,-0.1,0.1,4,2.0,0,0.0,100,0,0,0,12,-,-,-,100,H,BHA,2026-09-13,A,NFO,2026-09-19,H,NEW,2026-10-10
669602,nicolas-jackson,Jackson,,aston-villa,230,AVL,FWD,158,6.5,0.0,1.3,4,2.0,0,0.7,100,0,0,1,5,2nd,-,-,100,H,NFO,2026-09-12,A,TOT,2026-09-19,H,BRE,2026-10-10
767087,archie-gray,Gray,,tottenham-hotspur,231,TOT,MID,156,5.0,0.0,0.2,4,2.0,0,0.0,100,0,0,0,11,-,-,-,100,H,EVE,2026-09-12,H,AVL,2026-09-19,A,MUN,2026-10-10
735759,nico-o-reilly,O'Reilly,,manchester-city,232,MCI,DEF,155,6.4,-0.1,13.4,4,2.0,0,0.2,100,0,0,0,3,-,-,-,100,A,MUN,2026-09-13,H,SUN,2026-09-20,A,LIV,2026-10-10
584520,nico-gonzalez,González,,manchester-city,233,MCI,MID,153,5.5,0.0,0.3,4,2.0,0,0.0,100,0,0,1,11,-,-,-,100,A,MUN,2026-09-13,H,SUN,2026-09-20,A,LIV,2026-10-10
474104,jorgen-strand-larsen,S. Larsen,,crystal-palace,234,CRY,FWD,146,6.0,0.0,0.6,4,1.3,0,0.3,33,0,0,0,8,-,-,-,100,H,IPS,2026-09-12,A,LEE,2026-09-19,H,NFO,2026-10-10
614945,jaidon-anthony,Anthony,,brentford,235,BRE,MID,144,6.0,0.0,0.1,4,1.3,0,0.8,33,0,0,1,13,-,-,-,100,A,BOU,2026-09-12,H,CHE,2026-09-18,A,AVL,2026-10-10
282267,harry-wilson,Wilson,,leeds-united,236,LEE,MID,137,6.3,-0.2,2.9,4,1.3,0,0.2,33,0,0,1,9,-,✓,✓,100,H,NEW,2026-09-14,H,CRY,2026-09-19,A,ARS,2026-10-10
446433,brandon-thomas-asante,Thomas-Asante,,coventry-city,237,COV,FWD,132,5.0,0.0,0.8,4,1.3,0,0.0,33,0,0,0,11,3rd+,-,-,100,H,BHA,2026-09-13,A,NFO,2026-09-19,H,NEW,2026-10-10
660489,shea-charles,Charles,,fulham,238,FUL,MID,131,5.0,0.0,0.1,4,1.3,0,0.4,33,0,0,0,16,-,-,-,100,A,LIV,2026-09-12,H,MUN,2026-09-20,A,IPS,2026-10-10
386292,axel-disasi,Disasi,,crystal-palace,239,CRY,DEF,115,4.5,0.0,0.1,4,2.0,0,0.2,50,0,0,0,14,-,-,-,100,H,IPS,2026-09-12,A,LEE,2026-09-19,H,NFO,2026-10-10
424806,ethan-pinnock,Pinnock,,brentford,240,BRE,DEF,113,4.5,0.0,0.1,4,2.0,0,0.0,50,0,0,0,15,-,-,-,100,A,BOU,2026-09-12,H,CHE,2026-09-18,A,AVL,2026-10-10
600184,enzo-jeremias-fernandez,Fernández,,manchester-city,241,MCI,MID,106,6.9,-0.1,3.2,4,2.0,0,0.4,50,0,0,1,6,-,-,-,100,A,MUN,2026-09-13,H,SUN,2026-09-20,A,LIV,2026-10-10
644804,andrey-santos,Santos,,manchester-united,242,MUN,MID,100,4.9,-0.1,0.7,4,1.3,0,0.0,33,0,0,0,18,-,-,-,100,H,MCI,2026-09-13,A,FUL,2026-09-20,H,TOT,2026-10-10
859493,jannik-schuster,Schuster,,brentford,243,BRE,DEF,87,4.5,0.0,0.1,4,4.0,0,0.2,0,0,0,0,10,-,-,-,100,A,BOU,2026-09-12,H,CHE,2026-09-18,A,AVL,2026-10-10
747910,william-idamudia-osula,Osula,Inj,newcastle-united,244,NEW,FWD,57,5.9,-0.1,0.4,4,4.0,0,0.3,100,0,1,0,5,✓,-,✓,0,A,LEE,2026-09-14,H,HUL,2026-09-19,A,COV,2026-10-10
544093,nick-woltemade,Woltemade,Loa,newcastle-united,245,NEW,FWD,22,5.9,-0.1,0.6,4,4.0,0,0.1,0,0,0,0,0,-,-,-,0,A,LEE,2026-09-14,H,HUL,2026-09-19,A,COV,2026-10-10
447424,calvin-bassey,Bassey,,fulham,246,FUL,DEF,289,4.5,0.0,0.7,3,1.0,0,0.4,100,0,0,0,13,-,-,-,100,A,LIV,2026-09-12,H,MUN,2026-09-20,A,IPS,2026-10-10
586585,malo-gusto,Gusto,,chelsea,247,CHE,DEF,213,5.0,0.0,1.1,3,1.0,0,0.1,67,0,0,0,10,-,-,-,100,H,HUL,2026-09-12,A,BRE,2026-09-18,H,BOU,2026-10-10
557788,wesley-fofana,Fofana,,chelsea,248,CHE,DEF,170,5.0,0.0,0.2,3,1.5,0,0.0,100,0,0,0,26,-,-,-,100,H,HUL,2026-09-12,A,BRE,2026-09-18,H,BOU,2026-10-10
658308,mateus-fernandes,Fernandes,,tottenham-hotspur,249,TOT,MID,156,5.8,-0.2,1.0,3,1.0,0,0.7,33,0,0,0,10,-,✓,-,100,H,EVE,2026-09-12,H,AVL,2026-09-19,A,MUN,2026-10-10
477545,ephron-mason-clark,Mason-Clark,,coventry-city,250,COV,MID,133,5.4,-0.1,0.1,3,1.5,0,0.1,100,0,0,0,9,-,-,-,100,H,BHA,2026-09-13,A,NFO,2026-09-19,H,NEW,2026-10-10
586582,lucas-gourna-douath,Gourna-Douath,,hull-city,252,HUL,MID,132,5.0,0.0,0.0,3,1.5,0,0.0,50,0,0,1,16,-,-,-,100,A,CHE,2026-09-12,A,NEW,2026-09-19,H,EVE,2026-10-10
524163,brennan-johnson,Johnson,,everton,253,EVE,MID,113,5.9,-0.1,0.1,3,1.0,0,0.1,33,0,0,0,12,-,-,-,100,A,TOT,2026-09-12,H,IPS,2026-09-19,A,HUL,2026-10-10
349142,noussair-mazraoui,Mazraoui,,manchester-united,254,MUN,DEF,111,4.4,-0.1,0.6,3,1.0,0,0.3,33,0,0,0,6,-,-,-,100,H,MCI,2026-09-13,A,FUL,2026-09-20,H,TOT,2026-10-10
580755,liam-delap,Delap,,nottingham-forest,255,NFO,FWD,106,5.5,0.0,0.9,3,1.5,0,0.4,50,0,0,1,5,3rd+,-,-,100,A,AVL,2026-09-12,H,COV,2026-09-19,A,CRY,2026-10-10
876149,sean-steur,Steur,,newcastle-united,256,NEW,MID,98,4.9,-0.1,0.1,3,1.0,0,0.0,33,0,0,0,7,-,-,-,100,A,LEE,2026-09-14,H,HUL,2026-09-19,A,COV,2026-10-10
508021,jorge-cuenca,Cuenca,,fulham,257,FUL,DEF,96,4.5,0.0,0.0,3,3.0,0,0.2,100,0,0,0,10,-,-,-,100,A,LIV,2026-09-12,H,MUN,2026-09-20,A,IPS,2026-10-10
447229,ellis-simms,Simms,,coventry-city,258,COV,FWD,96,5.0,0.0,0.8,3,1.5,0,0.3,50,0,0,0,3,-,-,-,100,H,BHA,2026-09-13,A,NFO,2026-09-19,H,NEW,2026-10-10
412968,marcos-senesi,Senesi,,tottenham-hotspur,259,TOT,DEF,95,5.9,-0.1,4.5,3,3.0,0,0.0,100,0,0,0,16,-,-,-,100,H,EVE,2026-09-12,H,AVL,2026-09-19,A,MUN,2026-10-10
825003,mikey-moore,Moore,Loa,tottenham-hotspur,260,TOT,MID,94,5.0,0.0,0.1,3,1.5,0,0.5,50,0,0,0,3,-,-,-,0,H,EVE,2026-09-12,H,AVL,2026-09-19,A,MUN,2026-10-10
532949,dwight-mc-neil,McNeil,,crystal-palace,261,CRY,MID,93,5.4,-0.1,0.1,3,1.5,0,0.1,50,0,0,0,7,-,-,-,100,H,IPS,2026-09-12,A,LEE,2026-09-19,H,NFO,2026-10-10
882699,rio-ngumoha,Ngumoha,,liverpool,262,LIV,MID,89,5.8,-0.2,0.6,3,1.5,0,0.1,50,0,0,0,3,-,-,-,100,H,FUL,2026-09-12,A,BOU,2026-09-20,H,MCI,2026-10-10
580127,pep-chavarria,Chavarría,,chelsea,263,CHE,DEF,88,4.9,-0.1,0.2,3,1.0,0,0.0,0,0,0,0,6,-,-,-,100,H,HUL,2026-09-12,A,BRE,2026-09-18,H,BOU,2026-10-10
903344,lucas-herrington,Herrington,,hull-city,264,HUL,DEF,85,4.0,0.0,0.6,3,1.0,0,0.0,0,0,0,0,7,-,-,-,100,A,CHE,2026-09-12,A,NEW,2026-09-19,H,EVE,2026-10-10
596046,aaron-hickey,Hickey,,brentford,265,BRE,DEF,74,4.5,0.0,0.1,3,1.0,0,0.0,0,0,0,0,6,-,-,-,100,A,BOU,2026-09-12,H,CHE,2026-09-18,A,AVL,2026-10-10
503338,martin-zubimendi,Zubimendi,,arsenal,266,ARS,MID,70,5.4,-0.1,0.7,3,1.0,0,0.2,0,0,0,0,9,-,-,-,100,A,SUN,2026-09-12,A,BHA,2026-09-19,H,LEE,2026-10-10
661732,savinho,Savinho,,tottenham-hotspur,267,TOT,MID,63,6.5,0.0,0.7,3,3.0,0,0.4,100,0,0,1,0,-,✓,-,100,H,EVE,2026-09-12,H,AVL,2026-09-19,A,MUN,2026-10-10
424949,kouassi-ryan-sessegnon,Sessegnon,,fulham,268,FUL,DEF,61,4.4,-0.1,0.3,3,1.0,0,0.6,0,0,0,0,3,-,✓,-,100,A,LIV,2026-09-12,H,MUN,2026-09-20,A,IPS,2026-10-10
579007,kasey-mc-ateer,McAteer,,ipswich-town,269,IPS,MID,58,4.5,0.0,1.2,3,1.0,0,0.0,0,0,0,0,5,-,-,-,100,A,CRY,2026-09-12,A,EVE,2026-09-19,H,FUL,2026-10-10
286831,dominic-solanke,Solanke,,tottenham-hotspur,270,TOT,FWD,57,5.9,-0.1,0.9,3,1.0,0,0.5,0,0,0,0,1,✓,-,-,100,H,EVE,2026-09-12,H,AVL,2026-09-19,A,MUN,2026-10-10
692413,guemissongui-abdoul-ouattara,Ouattara,,ipswich-town,271,IPS,DEF,54,4.0,0.0,0.9,3,1.0,0,0.1,0,0,0,0,2,-,-,-,100,A,CRY,2026-09-12,A,EVE,2026-09-19,H,FUL,2026-10-10
474083,gustavo-hamer,Hamer,,coventry-city,272,COV,MID,45,5.4,-0.1,0.1,3,1.0,0,0.0,0,0,0,0,3,-,✓,-,100,H,BHA,2026-09-13,A,NFO,2026-09-19,H,NEW,2026-10-10
692543,alejandro-garnacho,Garnacho,,aston-villa,273,AVL,MID,44,5.9,-0.1,0.4,3,1.0,0,0.0,0,0,0,0,2,-,-,-,100,H,NFO,2026-09-12,A,TOT,2026-09-19,H,BRE,2026-10-10
11669,callum-wilson,Wilson,,brentford,274,BRE,FWD,22,5.5,0.0,0.3,3,1.0,0,0.1,0,0,0,0,2,-,-,-,100,A,BOU,2026-09-12,H,CHE,2026-09-18,A,AVL,2026-10-10
702842,david-datro-fofana,Fofana,,chelsea,275,CHE,DEF,0,5.0,0.0,0.2,3,1.5,0,,,0,0,0,26,-,-,-,100,H,HUL,2026-09-12,A,BRE,2026-09-18,H,BOU,2026-10-10
823753,jaydee-canvot,Canvot,,crystal-palace,276,CRY,DEF,295,4.9,-0.1,0.2,2,0.7,0,0.1,100,0,0,0,24,-,-,-,100,H,IPS,2026-09-12,A,LEE,2026-09-19,H,NFO,2026-10-10
620468,jacob-greaves,Greaves,,ipswich-town,277,IPS,DEF,294,4.0,0.0,1.2,2,0.7,0,0.1,100,0,0,0,24,-,-,-,100,A,CRY,2026-09-12,A,EVE,2026-09-19,H,FUL,2026-10-10
8460,adam-smith,Smith,,bournemouth,278,BOU,DEF,293,4.5,0.0,0.1,2,0.7,0,0.3,100,0,0,0,15,-,-,-,100,H,BRE,2026-09-12,H,LIV,2026-09-20,A,CHE,2026-10-10
447357,reece-james,James,,chelsea,279,CHE,DEF,224,5.4,-0.1,7.7,2,0.7,0,0.3,67,0,0,0,9,-,✓,✓,100,H,HUL,2026-09-12,A,BRE,2026-09-18,H,BOU,2026-10-10
145787,joachim-christian-andersen,Andersen,,fulham,280,FUL,DEF,193,5.0,0.0,0.1,2,1.0,0,0.1,100,0,0,0,15,-,-,-,100,A,LIV,2026-09-12,H,MUN,2026-09-20,A,IPS,2026-10-10
400549,pau-torres,Torres,,aston-villa,281,AVL,DEF,181,4.5,0.0,0.4,2,1.0,0,0.0,100,0,0,0,9,-,-,-,100,H,NFO,2026-09-12,A,TOT,2026-09-19,H,BRE,2026-10-10
404756,ferdi-kadioglu,Kadıoğlu,,brighton,282,BHA,DEF,177,4.4,-0.1,1.8,2,1.0,0,0.1,100,0,0,0,5,-,✓,-,100,A,COV,2026-09-13,H,ARS,2026-09-19,A,SUN,2026-10-10
366217,kevin-danso,Danso,,sunderland,283,SUN,DEF,105,5.0,0.0,0.2,2,2.0,0,0.0,100,0,0,0,8,-,-,-,100,H,ARS,2026-09-12,A,MCI,2026-09-20,H,BHA,2026-10-10
386328,takehiro-tomiyasu,Tomiyasu,,crystal-palace,284,CRY,DEF,102,4.5,0.0,0.3,2,1.0,0,0.0,50,0,0,0,9,-,-,-,100,H,IPS,2026-09-12,A,LEE,2026-09-19,H,NFO,2026-10-10
621262,yegor-yarmoliuk,Yarmoliuk,,brentford,285,BRE,MID,100,4.9,-0.1,0.8,2,0.7,0,0.1,0,0,0,0,11,-,-,-,100,A,BOU,2026-09-12,H,CHE,2026-09-18,A,AVL,2026-10-10
11296,matt-crooks,Crooks,,hull-city,286,HUL,MID,98,4.5,0.0,0.5,2,2.0,0,0.0,100,0,0,1,9,-,-,-,100,A,CHE,2026-09-12,A,NEW,2026-09-19,H,EVE,2026-10-10
448687,robert-sanchez,Sánchez,Loa,chelsea,287,CHE,GK,96,4.9,-0.1,0.9,2,2.0,0,0.0,100,0,0,0,0,-,-,-,0,H,HUL,2026-09-12,A,BRE,2026-09-18,H,BOU,2026-10-10
375001,ibrahim-sangare,Sangaré,,nottingham-forest,288,NFO,MID,95,4.9,-0.1,0.5,2,2.0,0,0.0,100,0,0,0,6,-,-,-,100,A,AVL,2026-09-12,H,COV,2026-09-19,A,CRY,2026-10-10
426548,gabriel-gudmundsson,Gudmundsson,,leeds-united,289,LEE,DEF,95,4.5,0.0,0.1,2,2.0,0,0.0,100,0,0,0,5,-,-,-,100,H,NEW,2026-09-14,H,CRY,2026-09-19,A,ARS,2026-10-10
619987,patrick-chinazaekpere-dorgu,Dorgu,,manchester-united,290,MUN,MID,92,5.8,-0.2,0.6,2,0.7,0,0.8,33,0,0,0,6,-,-,-,100,H,MCI,2026-09-13,A,FUL,2026-09-20,H,TOT,2026-10-10
475600,475600,Timber,,crystal-palace,291,CRY,MID,81,5.0,0.0,0.0,2,2.0,0,0.3,100,0,0,0,6,-,-,-,100,H,IPS,2026-09-12,A,LEE,2026-09-19,H,NFO,2026-10-10
524144,cody-callum-drameh,Drameh,Loa,hull-city,292,HUL,DEF,75,4.0,0.0,0.1,2,1.0,0,0.0,0,0,0,0,6,-,-,-,0,A,CHE,2026-09-12,A,NEW,2026-09-19,H,EVE,2026-10-10
487034,eberechi-eze,Eze,,arsenal,293,ARS,MID,72,6.3,-0.2,1.2,2,1.0,0,0.0,0,0,0,0,5,-,-,✓,100,A,SUN,2026-09-12,A,BHA,2026-09-19,H,LEE,2026-10-10
377071,richarlison,Richarlison,Loa,tottenham-hotspur,294,TOT,FWD,68,5.9,-0.1,1.0,2,2.0,0,0.0,100,0,0,0,1,-,-,-,0,H,EVE,2026-09-12,H,AVL,2026-09-19,A,MUN,2026-10-10
366720,jean-philippe-mateta,Mateta,Inj,crystal-palace,295,CRY,FWD,67,6.4,-0.1,1.7,2,2.0,0,0.8,100,0,0,0,5,✓,-,-,0,H,IPS,2026-09-12,A,LEE,2026-09-19,H,NFO,2026-10-10
583051,evann-guessand,Guessand,,crystal-palace,296,CRY,MID,65,5.5,0.0,0.0,2,1.0,0,0.1,0,0,0,0,2,-,-,-,100,H,IPS,2026-09-12,A,LEE,2026-09-19,H,NFO,2026-10-10
339789,mikel-merino,Merino,,arsenal,297,ARS,MID,64,5.8,-0.2,0.4,2,0.7,0,0.1,0,0,0,0,6,-,-,-,100,A,SUN,2026-09-12,A,BHA,2026-09-19,H,LEE,2026-10-10
488962,costinha,Costinha,,brighton,298,BHA,DEF,62,4.5,0.0,0.0,2,0.7,0,0.3,0,0,0,0,5,-,-,-,100,A,COV,2026-09-13,H,ARS,2026-09-19,A,SUN,2026-10-10
822849,alysson-edward,Edward,,aston-villa,299,AVL,MID,61,5.0,0.0,0.0,2,0.7,0,0.0,0,0,0,0,6,-,-,-,100,H,NFO,2026-09-12,A,TOT,2026-09-19,H,BRE,2026-10-10
541598,mohammed-kudus,Kudus,,tottenham-hotspur,300,TOT,MID,60,6.5,0.0,0.1,2,1.0,0,0.2,0,0,0,0,5,3rd+,✓,✓,100,H,EVE,2026-09-12,H,AVL,2026-09-19,A,MUN,2026-10-10
293686,jacob-murphy,Murphy,,newcastle-united,301,NEW,MID,54,5.9,-0.1,0.1,2,0.7,0,0.0,0,0,0,0,6,-,✓,-,100,A,LEE,2026-09-14,H,HUL,2026-09-19,A,COV,2026-10-10
9206,chris-wood,Wood,,nottingham-forest,302,NFO,FWD,53,5.9,-0.1,1.0,2,1.0,0,0.1,0,0,0,0,1,2nd,-,-,100,A,AVL,2026-09-12,H,COV,2026-09-19,A,CRY,2026-10-10
400367,victor-torp,Torp,,coventry-city,303,COV,MID,53,5.4,-0.1,0.1,2,1.0,0,0.2,0,0,0,0,3,2nd,✓,✓,100,H,BHA,2026-09-13,A,NFO,2026-09-19,H,NEW,2026-10-10
69404,mateo-kovacic,Kovačić,,manchester-city,304,MCI,MID,51,5.4,-0.1,0.1,2,1.0,0,0.0,0,0,0,0,2,-,-,-,100,A,MUN,2026-09-13,H,SUN,2026-09-20,A,LIV,2026-10-10
580990,beto,Beto,Loa,everton,305,EVE,FWD,43,5.4,-0.1,1.0,2,1.0,0,0.2,0,0,0,0,1,-,-,-,0,A,TOT,2026-09-12,H,IPS,2026-09-19,A,HUL,2026-10-10
11051,jack-grealish,Grealish,,manchester-city,306,MCI,MID,43,6.5,0.0,0.4,2,1.0,0,0.1,0,0,0,0,2,-,-,-,100,A,MUN,2026-09-13,H,SUN,2026-09-20,A,LIV,2026-10-10
547582,piero-martin-hincapie,Hincapié,,arsenal,307,ARS,DEF,42,5.3,-0.2,1.0,2,1.0,0,0.0,0,0,0,0,3,-,-,-,100,A,SUN,2026-09-12,A,BHA,2026-09-19,H,LEE,2026-10-10
568962,ibrahim-osman,Osman,,brighton,308,BHA,MID,38,5.0,0.0,0.0,2,1.0,0,0.1,0,0,0,0,3,-,-,-,100,A,COV,2026-09-13,H,ARS,2026-09-19,A,SUN,2026-10-10
343951,tammy-abraham,Abraham,,aston-villa,309,AVL,FWD,37,5.5,0.0,0.2,2,1.0,0,0.0,0,0,0,0,1,-,-,-,100,H,NFO,2026-09-12,A,TOT,2026-09-19,H,BRE,2026-10-10
769441,leny-yoro,Yoro,,manchester-united,310,MUN,DEF,37,4.9,-0.1,0.5,2,1.0,0,0.0,0,0,0,0,5,-,-,-,100,H,MCI,2026-09-13,A,FUL,2026-09-20,H,TOT,2026-10-10
346125,david-brooks,Brooks,,bournemouth,311,BOU,MID,34,5.0,0.0,0.1,2,1.0,0,0.0,0,0,0,0,0,-,✓,✓,100,H,BRE,2026-09-12,H,LIV,2026-09-20,A,CHE,2026-10-10
832518,ayyoub-bouaddi,Bouaddi,,manchester-city,312,MCI,MID,33,5.5,0.0,0.2,2,1.0,0,0.0,0,0,0,0,6,-,-,-,100,A,MUN,2026-09-13,H,SUN,2026-09-20,A,LIV,2026-10-10
447228,emile-smith-rowe,S. Rowe,,fulham,313,FUL,MID,32,5.4,-0.1,0.3,2,1.0,0,0.1,0,0,0,0,1,-,-,-,100,A,LIV,2026-09-12,H,MUN,2026-09-20,A,IPS,2026-10-10
590721,matteo-ruggeri,Ruggeri,,aston-villa,314,AVL,DEF,32,4.5,0.0,0.1,2,1.0,0,0.1,0,0,0,0,3,-,-,-,100,H,NFO,2026-09-12,A,TOT,2026-09-19,H,BRE,2026-10-10
536067,noni-madueke,Madueke,,arsenal,315,ARS,MID,31,6.3,-0.2,0.2,2,1.0,0,0.2,0,0,0,0,3,-,✓,-,100,A,SUN,2026-09-12,A,BHA,2026-09-19,H,LEE,2026-10-10
649607,kevin,Kevin,,fulham,316,FUL,MID,31,5.4,-0.1,0.0,2,1.0,0,0.0,0,0,0,0,3,-,✓,-,100,A,LIV,2026-09-12,H,MUN,2026-09-20,A,IPS,2026-10-10
530057,luca-netz,Netz,,nottingham-forest,317,NFO,DEF,29,4.5,0.0,0.0,2,1.0,0,0.0,0,0,0,0,1,-,-,-,100,A,AVL,2026-09-12,H,COV,2026-09-19,A,CRY,2026-10-10
486252,aaron-wan-bissaka,Wan-Bissaka,,aston-villa,318,AVL,DEF,29,4.5,0.0,0.2,2,1.0,0,0.0,0,0,0,0,3,-,-,-,100,H,NFO,2026-09-12,A,TOT,2026-09-19,H,BRE,2026-10-10
753577,trey-nyoni,Nyoni,,liverpool,319,LIV,MID,29,4.9,-0.1,0.0,2,1.0,0,0.0,0,0,0,0,5,-,-,-,100,H,FUL,2026-09-12,A,BOU,2026-09-20,H,MCI,2026-10-10
782782,chris-rigg,Rigg,,sunderland,320,SUN,MID,26,4.9,-0.1,0.1,2,1.0,0,0.0,0,0,0,0,1,-,-,-,100,H,ARS,2026-09-12,A,MCI,2026-09-20,H,BHA,2026-10-10
739094,daniel-david-jebbison,Jebbison,,bournemouth,321,BOU,FWD,25,5.0,0.0,0.1,2,1.0,0,0.1,0,0,0,0,1,-,-,-,100,H,BRE,2026-09-12,H,LIV,2026-09-20,A,CHE,2026-10-10
886558,estevao,Estevão,,chelsea,322,CHE,MID,25,6.4,-0.1,0.8,2,1.0,0,0.0,0,0,0,0,1,2nd,✓,-,100,H,HUL,2026-09-12,A,BRE,2026-09-18,H,BOU,2026-10-10
766567,lewis-koumas,Koumas,,liverpool,323,LIV,MID,24,5.0,0.0,0.0,2,1.0,0,0.1,0,0,0,0,1,-,-,-,100,H,FUL,2026-09-12,A,BOU,2026-09-20,H,MCI,2026-10-10
622787,mohamed-ali-cho,Cho,,hull-city,324,HUL,MID,23,5.0,0.0,0.0,2,1.0,0,0.2,0,0,0,0,0,-,-,-,100,A,CHE,2026-09-12,A,NEW,2026-09-19,H,EVE,2026-10-10
471761,oscar-mingueza,Mingueza,,crystal-palace,325,CRY,DEF,22,4.4,-0.1,0.1,2,1.0,0,0.0,0,0,0,0,2,-,-,-,100,H,IPS,2026-09-12,A,LEE,2026-09-19,H,NFO,2026-10-10
825521,ryan-mc-aidoo,McAidoo,,manchester-city,326,MCI,MID,22,4.5,0.0,0.1,2,1.0,0,0.1,0,0,0,0,4,-,-,-,100,A,MUN,2026-09-13,H,SUN,2026-09-20,A,LIV,2026-10-10
488326,rodrigo-muniz,Muniz,,fulham,327,FUL,FWD,19,5.4,-0.1,0.4,2,1.0,0,0.6,0,0,0,0,1,-,-,-,100,A,LIV,2026-09-12,H,MUN,2026-09-20,A,IPS,2026-10-10
639268,ben-doak,Doak,,bournemouth,328,BOU,MID,13,4.9,-0.1,0.1,2,1.0,0,0.1,0,0,0,0,3,-,-,-,100,H,BRE,2026-09-12,H,LIV,2026-09-20,A,CHE,2026-10-10
264303,ryan-christie,Christie,,bournemouth,329,BOU,MID,8,5.0,0.0,0.0,2,1.0,0,0.0,0,0,0,0,2,-,-,-,100,H,BRE,2026-09-12,H,LIV,2026-09-20,A,CHE,2026-10-10
447207,jeremie-frimpong,Frimpong,,liverpool,330,LIV,DEF,176,5.4,-0.1,2.3,1,0.5,0,0.3,100,0,0,0,8,-,-,-,100,H,FUL,2026-09-12,A,BOU,2026-09-20,H,MCI,2026-10-10
619747,levi-colwill,Colwill,,chelsea,331,CHE,DEF,169,4.9,-0.1,1.1,1,0.5,0,0.0,100,0,0,0,13,-,-,-,100,H,HUL,2026-09-12,A,BRE,2026-09-18,H,BOU,2026-10-10
897,marco-bizot,Bizot,,aston-villa,332,AVL,GK,100,4.5,0.0,0.1,1,1.0,0,0.0,100,0,0,0,0,-,-,-,100,H,NFO,2026-09-12,A,TOT,2026-09-19,H,BRE,2026-10-10
933026,ayden-heaven,Heaven,,manchester-united,333,MUN,DEF,98,4.4,-0.1,0.3,1,1.0,0,0.0,100,0,0,0,2,-,-,-,100,H,MCI,2026-09-13,A,FUL,2026-09-20,H,TOT,2026-10-10
491413,daniel-munoz,Muñoz,,nottingham-forest,334,NFO,DEF,95,5.4,-0.1,5.6,1,0.5,0,0.3,50,0,0,0,5,-,-,-,100,A,AVL,2026-09-12,H,COV,2026-09-19,A,CRY,2026-10-10
688446,chadi-riad,Riad,Inj,crystal-palace,335,CRY,DEF,78,4.4,-0.1,0.0,1,1.0,0,0.0,100,0,0,0,7,-,-,-,0,H,IPS,2026-09-12,A,LEE,2026-09-19,H,NFO,2026-10-10
270489,luke-o-nien,O'Nien,,sunderland,336,SUN,DEF,70,4.0,0.0,2.7,1,1.0,0,0.1,100,0,0,0,5,-,-,-,100,H,ARS,2026-09-12,A,MCI,2026-09-20,H,BHA,2026-10-10
658798,rico-henry-mark-lewis,Lewis,,manchester-city,337,MCI,DEF,60,4.4,-0.1,0.2,1,1.0,0,0.3,100,0,0,0,2,-,-,-,100,A,MUN,2026-09-13,H,SUN,2026-09-20,A,LIV,2026-10-10
559904,hidemasa-morita,Morita,Inj,hull-city,338,HUL,MID,48,5.0,0.0,0.0,1,1.0,0,0.0,100,0,0,0,3,-,-,-,0,A,CHE,2026-09-12,A,NEW,2026-09-19,H,EVE,2026-10-10
779565,lucas-bergvall,Bergvall,,tottenham-hotspur,339,TOT,MID,47,5.4,-0.1,0.2,1,1.0,0,0.0,100,0,0,0,8,-,-,-,100,H,EVE,2026-09-12,H,AVL,2026-09-19,A,MUN,2026-10-10
589103,matheus-nunes,Nunes,,manchester-city,340,MCI,DEF,38,5.9,-0.1,0.9,1,1.0,0,0.0,0,0,0,0,1,3rd+,-,-,100,A,MUN,2026-09-13,H,SUN,2026-09-20,A,LIV,2026-10-10
660295,chemsdine-talbi,Talbi,,sunderland,341,SUN,MID,36,5.4,-0.1,0.1,1,1.0,0,0.0,0,0,0,0,2,-,-,-,100,H,ARS,2026-09-12,A,MCI,2026-09-20,H,BHA,2026-10-10
600964,tatsuhiro-sakamoto,Sakamoto,,coventry-city,342,COV,MID,36,4.9,-0.1,0.1,1,1.0,0,0.0,0,0,0,0,4,-,-,-,100,H,BHA,2026-09-13,A,NFO,2026-09-19,H,NEW,2026-10-10
136704,paddy-mc-nair,McNair,,hull-city,343,HUL,DEF,32,4.0,0.0,0.1,1,1.0,0,0.0,0,0,0,0,2,-,-,-,100,A,CHE,2026-09-12,A,NEW,2026-09-19,H,EVE,2026-10-10
779867,779867,Fernandez-Pardo,,newcastle-united,344,NEW,FWD,32,6.0,0.0,0.1,1,1.0,0,0.0,0,0,0,0,1,-,-,-,100,A,LEE,2026-09-14,H,HUL,2026-09-19,A,COV,2026-10-10
805050,promise-oluwatobi-emmanuel-david,David,,brighton,345,BHA,FWD,31,6.0,0.0,0.2,1,0.5,0,0.3,0,0,0,0,0,2nd,-,-,100,A,COV,2026-09-13,H,ARS,2026-09-19,A,SUN,2026-10-10
631400,631400,Barcola,,liverpool,346,LIV,MID,31,8.0,0.0,2.1,1,1.0,0,0.3,0,0,0,0,0,-,-,-,100,H,FUL,2026-09-12,A,BOU,2026-09-20,H,MCI,2026-10-10
400274,zian-flemming,Flemming,,ipswich-town,347,IPS,FWD,30,5.5,0.0,0.0,1,1.0,0,0.0,0,0,0,0,0,-,-,-,100,A,CRY,2026-09-12,A,EVE,2026-09-19,H,FUL,2026-10-10
370937,bruno-guimaraes,Guimarães,,arsenal,348,ARS,MID,29,6.8,-0.2,1.7,1,1.0,0,0.0,0,0,0,0,3,3rd+,✓,-,100,A,SUN,2026-09-12,A,BHA,2026-09-19,H,LEE,2026-10-10
484409,484409,Thomas,,hull-city,349,HUL,MID,29,5.5,0.0,0.0,1,1.0,0,0.0,0,0,0,0,1,-,-,-,100,A,CHE,2026-09-12,A,NEW,2026-09-19,H,EVE,2026-10-10
639246,639246,Norton-Cuffy,,hull-city,350,HUL,DEF,29,4.0,0.0,0.3,1,1.0,0,0.0,0,0,0,0,1,-,-,-,100,A,CHE,2026-09-12,A,NEW,2026-09-19,H,EVE,2026-10-10
258591,omar-federico-alderete,Alderete,,sunderland,351,SUN,DEF,27,4.9,-0.1,0.3,1,1.0,0,0.0,0,0,0,0,0,-,-,-,100,H,ARS,2026-09-12,A,MCI,2026-09-20,H,BHA,2026-10-10
284302,james-maddison,Maddison,,tottenham-hotspur,352,TOT,MID,27,6.3,-0.2,0.4,1,1.0,0,0.0,0,0,0,0,2,-,-,-,100,H,EVE,2026-09-12,H,AVL,2026-09-19,A,MUN,2026-10-10
825281,zavier-gozo,Gozo,,crystal-palace,353,CRY,MID,26,5.0,0.0,0.0,1,1.0,0,0.0,0,0,0,0,1,-,-,-,100,H,IPS,2026-09-12,A,LEE,2026-09-19,H,NFO,2026-10-10
282263,daniel-james,James,,leeds-united,354,LEE,MID,25,5.0,0.0,0.1,1,1.0,0,0.1,0,0,0,0,2,-,-,-,100,H,NEW,2026-09-14,H,CRY,2026-09-19,A,ARS,2026-10-10
344181,kostas-tsimikas,Tsimikas,,liverpool,355,LIV,DEF,24,4.9,-0.1,0.1,1,1.0,0,0.1,0,0,0,0,0,-,-,-,100,H,FUL,2026-09-12,A,BOU,2026-09-20,H,MCI,2026-10-10
359940,darnell-furlong,Furlong,,ipswich-town,356,IPS,DEF,23,4.0,0.0,0.5,1,1.0,0,0.0,0,0,0,0,3,-,-,-,100,A,CRY,2026-09-12,A,EVE,2026-09-19,H,FUL,2026-10-10
780274,aladji-bamba,Bamba,,newcastle-united,357,NEW,MID,23,4.9,-0.1,0.1,1,1.0,0,0.0,0,0,0,0,2,-,-,-,100,A,LEE,2026-09-14,H,HUL,2026-09-19,A,COV,2026-10-10
652211,652211,Fofana,,sunderland,358,SUN,MID,21,5.5,0.0,0.0,1,1.0,0,0.0,0,0,0,0,0,-,-,-,100,H,ARS,2026-09-12,A,MCI,2026-09-20,H,BHA,2026-10-10
653425,lamare-bogarde,Bogarde,,aston-villa,359,AVL,MID,21,5.0,0.0,0.1,1,1.0,0,0.0,0,0,0,0,1,-,-,-,100,H,NFO,2026-09-12,A,TOT,2026-09-19,H,BRE,2026-10-10
817094,alex-laszlo-toth,Tóth,,bournemouth,360,BOU,MID,19,5.0,0.0,0.0,1,1.0,0,0.0,0,0,0,0,2,-,-,-,100,H,BRE,2026-09-12,H,LIV,2026-09-20,A,CHE,2026-10-10
614501,moises-isaac-caicedo,Caicedo,Inj,chelsea,361,CHE,MID,18,5.4,-0.1,1.5,1,1.0,0,0.0,0,0,0,0,0,-,-,-,0,H,HUL,2026-09-12,A,BRE,2026-09-18,H,BOU,2026-10-10
536494,mykhailo-mudryk,Mudryk,Inj,tottenham-hotspur,362,TOT,MID,17,5.4,-0.1,0.1,1,1.0,0,0.0,0,0,0,0,0,-,-,-,0,H,EVE,2026-09-12,H,AVL,2026-09-19,A,MUN,2026-10-10
8981,will-hughes,Hughes,,crystal-palace,363,CRY,MID,17,4.5,0.0,8.5,1,1.0,0,0.0,0,0,0,0,3,-,✓,-,100,H,IPS,2026-09-12,A,LEE,2026-09-19,H,NFO,2026-10-10
824992,shea-lacey,Lacey,,manchester-united,364,MUN,MID,16,4.9,-0.1,0.1,1,1.0,0,0.0,0,0,0,0,1,-,-,-,100,H,MCI,2026-09-13,A,FUL,2026-09-20,H,TOT,2026-10-10
388986,viktor-gyokeres,Gyökeres,,arsenal,365,ARS,FWD,16,7.2,-0.3,3.8,1,1.0,0,0.0,0,0,0,0,1,2nd,-,-,100,A,SUN,2026-09-12,A,BHA,2026-09-19,H,LEE,2026-10-10
1213717,zadok-yohanna,Yohanna,Inj,brighton,366,BHA,MID,16,4.9,-0.1,0.1,1,1.0,0,0.0,0,0,0,0,0,-,-,-,0,A,COV,2026-09-13,H,ARS,2026-09-19,A,SUN,2026-10-10
625907,625907,Larsson,,fulham,367,FUL,MID,15,5.0,0.0,0.0,1,1.0,0,0.4,0,0,0,0,1,-,-,-,100,A,LIV,2026-09-12,H,MUN,2026-09-20,A,IPS,2026-10-10
766837,sindre-egeli,Egeli,,ipswich-town,368,IPS,FWD,15,4.5,0.0,3.5,1,1.0,0,0.0,0,0,0,0,0,-,-,-,100,A,CRY,2026-09-12,A,EVE,2026-09-19,H,FUL,2026-10-10
788748,alvaro-rodriguez,Rodríguez,,bournemouth,369,BOU,FWD,14,6.0,0.0,0.1,1,1.0,0,0.0,0,0,0,0,1,-,-,-,100,H,BRE,2026-09-12,H,LIV,2026-09-20,A,CHE,2026-10-10
772290,jens-hjerto-dahl,Hjertø-Dahl,,hull-city,370,HUL,MID,12,4.9,-0.1,0.1,1,1.0,0,0.0,0,0,0,0,1,-,-,-,100,A,CHE,2026-09-12,A,NEW,2026-09-19,H,EVE,2026-10-10
878211,geovany-quenda,Quenda,,chelsea,371,CHE,MID,12,5.4,-0.1,0.0,1,1.0,0,0.0,0,0,0,0,1,-,-,-,100,H,HUL,2026-09-12,A,BRE,2026-09-18,H,BOU,2026-10-10
281135,matt-targett,Targett,,hull-city,372,HUL,DEF,11,4.0,0.0,1.9,1,1.0,0,0.0,0,0,0,0,0,-,-,-,100,A,CHE,2026-09-12,A,NEW,2026-09-19,H,EVE,2026-10-10
646204,carlos-jonas-alcaraz,Alcaraz,,everton,373,EVE,MID,10,4.9,-0.1,0.1,1,0.5,0,0.1,0,0,0,0,3,-,-,-,100,A,TOT,2026-09-12,H,IPS,2026-09-19,A,HUL,2026-10-10
644098,valentin-barco,Barco,,chelsea,374,CHE,MID,10,5.5,0.0,0.1,1,1.0,0,0.1,0,0,0,0,1,-,-,-,100,H,HUL,2026-09-12,A,BRE,2026-09-18,H,BOU,2026-10-10
448638,sean-longstaff,Longstaff,,leeds-united,375,LEE,MID,9,4.9,-0.1,0.1,1,1.0,0,0.0,0,0,0,0,0,-,✓,✓,100,H,NEW,2026-09-14,H,CRY,2026-09-19,A,ARS,2026-10-10
623374,tim-emeka-iroegbunam,Iroegbunam,,everton,376,EVE,MID,8,5.0,0.0,0.0,1,1.0,0,0.0,0,0,0,0,0,-,-,-,100,A,TOT,2026-09-12,H,IPS,2026-09-19,A,HUL,2026-10-10
911027,vitor-reis,Reis,,manchester-city,377,MCI,DEF,7,4.5,0.0,0.0,1,1.0,0,0.0,0,0,0,0,0,-,-,-,100,A,MUN,2026-09-13,H,SUN,2026-09-20,A,LIV,2026-10-10
854429,kaden-braithwaite,Braithwaite,,manchester-city,378,MCI,DEF,7,4.0,0.0,0.2,1,1.0,0,0.0,0,0,0,0,0,-,-,-,100,A,MUN,2026-09-13,H,SUN,2026-09-20,A,LIV,2026-10-10
525613,valentino-francisco-livramento,Livramento,,newcastle-united,379,NEW,DEF,6,4.9,-0.1,0.1,1,1.0,0,0.0,0,0,0,0,0,-,-,-,100,A,LEE,2026-09-14,H,HUL,2026-09-19,A,COV,2026-10-10
336242,rico-henry,Henry,,brentford,380,BRE,DEF,5,4.5,0.0,0.2,1,1.0,0,0.0,0,0,0,0,0,-,-,-,100,A,BOU,2026-09-12,H,CHE,2026-09-18,A,AVL,2026-10-10
7945,daniel-nii-welbeck,Welbeck,,chelsea,381,CHE,FWD,5,5.9,-0.1,0.8,1,1.0,0,0.0,0,0,0,0,0,-,-,-,100,H,HUL,2026-09-12,A,BRE,2026-09-18,H,BOU,2026-10-10
714791,714791,Osorio,,crystal-palace,382,CRY,MID,5,5.5,0.0,0.0,1,1.0,0,0.0,0,0,0,0,1,-,-,-,100,H,IPS,2026-09-12,A,LEE,2026-09-19,H,NFO,2026-10-10
50102,fabian-schar,Schär,,newcastle-united,383,NEW,DEF,5,5.0,0.0,0.2,1,1.0,0,0.0,0,0,0,0,0,-,-,✓,100,A,LEE,2026-09-14,H,HUL,2026-09-19,A,COV,2026-10-10
807210,ousmane-diomande,Diomandé,,nottingham-forest,384,NFO,DEF,4,5.4,-0.1,0.5,1,1.0,0,0.0,0,0,0,0,0,-,-,-,100,A,AVL,2026-09-12,H,COV,2026-09-19,A,CRY,2026-10-10
609230,romaine-mundle,Mundle,Inj,sunderland,385,SUN,MID,4,4.9,-0.1,0.0,1,1.0,0,0.1,0,0,0,0,1,-,-,-,0,H,ARS,2026-09-12,A,MCI,2026-09-20,H,BHA,2026-10-10
496214,nicolas-martin-dominguez,Domínguez,,nottingham-forest,386,NFO,MID,3,4.9,-0.1,0.1,1,1.0,0,0.0,0,0,0,0,0,-,-,-,100,A,AVL,2026-09-12,H,COV,2026-09-19,A,CRY,2026-10-10
450826,callum-hudson-odoi,Hudson-Odoi,,nottingham-forest,387,NFO,MID,3,5.9,-0.1,0.2,1,1.0,0,0.0,0,0,0,0,0,-,-,✓,100,A,AVL,2026-09-12,H,COV,2026-09-19,A,CRY,2026-10-10
425911,pascal-struijk,Struijk,,brighton,388,BHA,DEF,2,5.0,0.0,0.2,1,1.0,0,0.0,0,0,0,0,0,-,-,-,100,A,COV,2026-09-13,H,ARS,2026-09-19,A,SUN,2026-10-10
878084,toure-bazoumana,Bazoumana,,newcastle-united,389,NEW,MID,1,5.8,-0.2,0.1,1,1.0,0,0.0,0,0,0,0,0,-,-,-,100,A,LEE,2026-09-14,H,HUL,2026-09-19,A,COV,2026-10-10
1137713,djiamgone-jocelin-ta-bi,T. Bi,,sunderland,390,SUN,MID,0,5.4,-0.1,0.1,1,1.0,0,,,0,0,0,2,-,-,-,100,H,ARS,2026-09-12,A,MCI,2026-09-20,H,BHA,2026-10-10
731229,david-ozoh,Ozoh,,crystal-palace,391,CRY,MID,0,5.0,0.0,0.0,1,1.0,0,,,0,0,0,1,-,-,-,100,H,IPS,2026-09-12,A,LEE,2026-09-19,H,NFO,2026-10-10
850719,divine-mukasa,Mukasa,Loa,manchester-city,392,MCI,MID,0,4.5,0.0,0.1,0,0.0,0,,,0,0,0,0,-,-,-,0,A,MUN,2026-09-13,H,SUN,2026-09-20,A,LIV,2026-10-10
86745,walter-daniel-benitez,Benítez,,crystal-palace,393,CRY,GK,0,4.5,0.0,0.1,0,0.0,0,,,0,0,0,0,-,-,-,100,H,IPS,2026-09-12,A,LEE,2026-09-19,H,NFO,2026-10-10
491458,jurrien-timber,Timber,Dbt,arsenal,394,ARS,DEF,0,6.5,0.0,0.1,0,0.0,0,,,0,0,0,0,-,-,-,25,A,SUN,2026-09-12,A,BHA,2026-09-19,H,LEE,2026-10-10
398332,cedric-kipre,Kipré,,ipswich-town,395,IPS,DEF,0,4.0,0.0,0.5,0,0.0,0,,,0,0,0,0,-,-,-,100,A,CRY,2026-09-12,A,EVE,2026-09-19,H,FUL,2026-10-10
77502,tom-heaton,Heaton,Inj,manchester-united,396,MUN,GK,0,4.0,0.0,0.1,0,0.0,0,,,0,0,0,0,-,-,-,0,H,MCI,2026-09-13,A,FUL,2026-09-20,H,TOT,2026-10-10
283145,oluwatosin-adarabioyo,Adarabioyo,,chelsea,397,CHE,DEF,0,4.4,-0.1,0.2,0,0.0,0,,,0,0,0,0,-,-,-,100,H,HUL,2026-09-12,A,BRE,2026-09-18,H,BOU,2026-10-10
524141,vitezslav-jaros,Jaroš,Inj,liverpool,398,LIV,GK,0,4.0,0.0,0.0,0,0.0,0,,,0,0,0,0,-,-,-,0,H,FUL,2026-09-12,A,BOU,2026-09-20,H,MCI,2026-10-10
616591,evan-ferguson,Ferguson,Inj,brighton,399,BHA,FWD,0,5.0,0.0,0.0,0,0.0,0,,,0,0,0,0,-,-,-,0,A,COV,2026-09-13,H,ARS,2026-09-19,A,SUN,2026-10-10
549485,jeremy-doku,Doku,Inj,manchester-city,400,MCI,MID,0,7.4,-0.1,0.7,0,0.0,0,,,0,0,0,0,3rd+,-,-,0,A,MUN,2026-09-13,H,SUN,2026-09-20,A,LIV,2026-10-10
3397,kepa-arrizabalaga,Arrizabalaga,,arsenal,401,ARS,GK,0,4.9,-0.1,0.1,0,0.0,0,,,0,0,0,0,-,-,-,100,A,SUN,2026-09-12,A,BHA,2026-09-19,H,LEE,2026-10-10
447963,ben-johnson,Johnson,Loa,ipswich-town,402,IPS,DEF,0,4.0,0.0,0.1,0,0.0,0,,,0,0,0,0,-,-,-,0,A,CRY,2026-09-12,A,EVE,2026-09-19,H,FUL,2026-10-10
614939,william-jonathan-dennis,J. Dennis,Loa,bournemouth,403,BOU,GK,0,4.0,0.0,0.1,0,0.0,0,,,0,0,0,0,-,-,-,0,H,BRE,2026-09-12,H,LIV,2026-09-20,A,CHE,2026-10-10
624613,juanlu-sanchez,Sánchez,,bournemouth,404,BOU,DEF,0,4.5,0.0,0.2,0,0.0,0,,,0,0,0,0,-,-,-,100,H,BRE,2026-09-12,H,LIV,2026-09-20,A,CHE,2026-10-10
750180,750180,Manzambi,Dbt,aston-villa,405,AVL,MID,0,5.9,-0.1,0.1,0,0.0,0,,,0,0,0,0,-,-,-,50,H,NFO,2026-09-12,A,TOT,2026-09-19,H,BRE,2026-10-10
704473,mike-penders,Penders,,chelsea,406,CHE,GK,0,4.4,-0.1,0.1,0,0.0,0,,,0,0,0,0,-,-,-,100,H,HUL,2026-09-12,A,BRE,2026-09-18,H,BOU,2026-10-10
644809,matheus-franca,França,Loa,crystal-palace,407,CRY,MID,0,4.9,-0.1,0.0,0,0.0,0,,,0,0,0,0,-,-,-,0,H,IPS,2026-09-12,A,LEE,2026-09-19,H,NFO,2026-10-10
514484,fabio-carvalho,Carvalho,,brentford,408,BRE,MID,0,5.0,0.0,0.0,0,0.0,0,,,0,0,0,0,-,-,-,100,A,BOU,2026-09-12,H,CHE,2026-09-18,A,AVL,2026-10-10
557396,liam-kitching,Kitching,Loa,coventry-city,409,COV,DEF,0,4.0,0.0,0.4,0,0.0,0,,,0,0,0,0,-,-,-,0,H,BHA,2026-09-13,A,NFO,2026-09-19,H,NEW,2026-10-10
255738,jefferson-andres-lerma,Lerma,,crystal-palace,410,CRY,MID,0,4.9,-0.1,0.1,0,0.0,0,,,0,0,0,0,-,-,-,100,H,IPS,2026-09-12,A,LEE,2026-09-19,H,NFO,2026-10-10
1712,kenny-tete,Tete,,fulham,411,FUL,DEF,0,4.4,-0.1,0.2,0,0.0,0,,,0,0,0,0,-,-,-,100,A,LIV,2026-09-12,H,MUN,2026-09-20,A,IPS,2026-10-10
399584,mark-travers,Travers,,everton,412,EVE,GK,0,5.0,0.0,0.0,0,0.0,0,,,0,0,0,0,-,-,-,100,A,TOT,2026-09-12,H,IPS,2026-09-19,A,HUL,2026-10-10
415953,igor-julio,Julio,Loa,brighton,413,BHA,DEF,0,4.5,0.0,0.0,0,0.0,0,,,0,0,0,0,-,-,-,0,A,COV,2026-09-13,H,ARS,2026-09-19,A,SUN,2026-10-10
635038,harvey-elliott,Elliott,Loa,liverpool,414,LIV,MID,0,5.4,-0.1,0.0,0,0.0,0,,,0,0,0,0,-,-,-,0,H,FUL,2026-09-12,A,BOU,2026-09-20,H,MCI,2026-10-10
790432,eli-junior-kroupi,Kroupi,Inj,bournemouth,415,BOU,MID,0,7.4,-0.1,0.2,0,0.0,0,,,0,0,0,0,✓,-,-,0,H,BRE,2026-09-12,H,LIV,2026-09-20,A,CHE,2026-10-10
619277,melker-ellborg,Ellborg,,sunderland,416,SUN,GK,0,4.5,0.0,0.1,0,0.0,0,,,0,0,0,0,-,-,-,100,H,ARS,2026-09-12,A,MCI,2026-09-20,H,BHA,2026-10-10
8826,karl-darlow,Darlow,,manchester-united,417,MUN,GK,0,4.5,0.0,0.0,0,0.0,0,,,0,0,0,0,-,-,-,100,H,MCI,2026-09-13,A,FUL,2026-09-20,H,TOT,2026-10-10
399483,399483,Ömür,,hull-city,418,HUL,MID,0,4.9,-0.1,0.0,0,0.0,0,,,0,0,0,0,-,-,-,100,A,CHE,2026-09-12,A,NEW,2026-09-19,H,EVE,2026-10-10
343098,tom-king,King,,everton,419,EVE,GK,0,4.5,0.0,0.0,0,0.0,0,,,0,0,0,0,-,-,-,100,A,TOT,2026-09-12,H,IPS,2026-09-19,A,HUL,2026-10-10
960010,960010,Bindon,Loa,nottingham-forest,420,NFO,DEF,0,4.0,0.0,0.1,0,0.0,0,,,0,0,0,0,-,-,-,0,A,AVL,2026-09-12,H,COV,2026-09-19,A,CRY,2026-10-10
622782,jamie-gittens,Gittens,,chelsea,421,CHE,MID,0,5.9,-0.1,0.0,0,0.0,0,,,0,0,0,0,-,-,-,100,H,HUL,2026-09-12,A,BRE,2026-09-18,H,BOU,2026-10-10
579022,ali-al-hamadi,A. Hamadi,Loa,ipswich-town,422,IPS,FWD,0,5.0,0.0,0.1,0,0.0,0,,,0,0,0,0,-,-,-,0,A,CRY,2026-09-12,A,EVE,2026-09-19,H,FUL,2026-10-10
731238,tyler-dibling,Dibling,,everton,423,EVE,MID,0,5.4,-0.1,0.0,0,0.0,0,,,0,0,0,0,-,-,-,100,A,TOT,2026-09-12,H,IPS,2026-09-19,A,HUL,2026-10-10
399652,florentino,Florentino,,ipswich-town,424,IPS,MID,0,4.9,-0.1,0.1,0,0.0,0,,,0,0,0,0,-,-,-,100,A,CRY,2026-09-12,A,EVE,2026-09-19,H,FUL,2026-10-10
859519,859519,Andrés,,brighton,425,BHA,MID,0,5.5,0.0,0.0,0,0.0,0,,,0,0,0,0,-,-,-,100,A,COV,2026-09-13,H,ARS,2026-09-19,A,SUN,2026-10-10
447212,joel-latibeaudiere,Latibeaudiere,,coventry-city,426,COV,DEF,0,4.0,0.0,0.0,0,0.0,0,,,0,0,0,0,-,-,-,100,H,BHA,2026-09-13,A,NFO,2026-09-19,H,NEW,2026-10-10
12682,ben-wilson,Wilson,,coventry-city,427,COV,GK,0,4.5,0.0,0.4,0,0.0,0,,,0,0,0,0,-,-,-,100,H,BHA,2026-09-13,A,NFO,2026-09-19,H,NEW,2026-10-10
629788,giovanni-leoni,Leoni,Inj,liverpool,428,LIV,DEF,0,4.0,0.0,0.0,0,0.0,0,,,0,0,0,0,-,-,-,0,H,FUL,2026-09-12,A,BOU,2026-09-20,H,MCI,2026-10-10
447804,federico-chiesa,Chiesa,Inj,liverpool,429,LIV,MID,0,5.4,-0.1,0.1,0,0.0,0,,,0,0,0,0,-,-,-,0,H,FUL,2026-09-12,A,BOU,2026-09-20,H,MCI,2026-10-10
1015726,1015726,Methalie,,sunderland,430,SUN,DEF,0,4.5,0.0,0.0,0,0.0,0,,,0,0,0,0,-,-,-,100,H,ARS,2026-09-12,A,MCI,2026-09-20,H,BHA,2026-10-10
257748,john-victor,Victor,,nottingham-forest,431,NFO,GK,0,4.5,0.0,0.1,0,0.0,0,,,0,0,0,0,-,-,-,100,A,AVL,2026-09-12,H,COV,2026-09-19,A,CRY,2026-10-10
584035,josh-eccles,Eccles,Inj,coventry-city,432,COV,MID,0,4.9,-0.1,0.0,0,0.0,0,,,0,0,0,0,-,-,-,0,H,BHA,2026-09-13,A,NFO,2026-09-19,H,NEW,2026-10-10
895623,aaron-anselmino,Anselmino,,chelsea,433,CHE,DEF,0,4.5,0.0,0.0,0,0.0,0,,,0,0,0,0,-,-,-,100,H,HUL,2026-09-12,A,BRE,2026-09-18,H,BOU,2026-10-10
10183,mark-gillespie,Gillespie,,newcastle-united,434,NEW,GK,0,4.5,0.0,0.0,0,0.0,0,,,0,0,0,0,-,-,-,100,A,LEE,2026-09-14,H,HUL,2026-09-19,A,COV,2026-10-10
358926,lucas-perri,Perri,Loa,leeds-united,435,LEE,GK,0,4.5,0.0,0.4,0,0.0,0,,,0,0,0,0,-,-,-,0,H,NEW,2026-09-14,H,CRY,2026-09-19,A,ARS,2026-10-10
370773,370773,Wright,Inj,coventry-city,436,COV,FWD,0,5.4,-0.1,0.1,0,0.0,0,,,0,0,0,0,✓,-,-,0,H,BHA,2026-09-13,A,NFO,2026-09-19,H,NEW,2026-10-10
807685,807685,Mouzakitis,,hull-city,437,HUL,MID,0,5.0,0.0,0.0,0,0.0,0,,,0,0,0,0,-,-,-,100,A,CHE,2026-09-12,A,NEW,2026-09-19,H,EVE,2026-10-10
460321,jack-taylor,Taylor,Inj,ipswich-town,438,IPS,MID,0,4.5,0.0,0.0,0,0.0,0,,,0,0,0,0,-,-,-,0,A,CRY,2026-09-12,A,EVE,2026-09-19,H,FUL,2026-10-10
516018,516018,Bard,,leeds-united,439,LEE,DEF,0,4.5,0.0,0.0,0,0.0,0,,,0,0,0,0,-,-,-,100,H,NEW,2026-09-14,H,CRY,2026-09-19,A,ARS,2026-10-10
535789,535789,Affengruber,,fulham,440,FUL,DEF,0,4.5,0.0,0.0,0,0.0,0,,,0,0,0,0,-,-,-,100,A,LIV,2026-09-12,H,MUN,2026-09-20,A,IPS,2026-10-10
8094,8094,Butland,Inj,hull-city,441,HUL,GK,0,4.5,0.0,0.1,0,0.0,0,,,0,0,0,0,-,-,-,0,A,CHE,2026-09-12,A,NEW,2026-09-19,H,EVE,2026-10-10
769432,mamadou-sarr,Sarr,Loa,chelsea,442,CHE,DEF,0,4.5,0.0,0.0,0,0.0,0,,,0,0,0,0,-,-,-,0,H,HUL,2026-09-12,A,BRE,2026-09-18,H,BOU,2026-10-10
563725,morato,Morato,Loa,nottingham-forest,443,NFO,DEF,0,5.0,0.0,0.0,0,0.0,0,,,0,0,0,0,-,-,-,0,A,AVL,2026-09-12,H,COV,2026-09-19,A,CRY,2026-10-10
11126,marcus-bettinelli,Bettinelli,,manchester-city,444,MCI,GK,0,4.5,0.0,0.0,0,0.0,0,,,0,0,0,0,-,-,-,100,A,MUN,2026-09-13,H,SUN,2026-09-20,A,LIV,2026-10-10
769430,ewen-jaouen,Jaouen,Dbt,newcastle-united,445,NEW,GK,0,4.5,0.0,0.0,0,0.0,0,,,0,0,0,0,-,-,-,50,A,LEE,2026-09-14,H,HUL,2026-09-19,A,COV,2026-10-10
847422,romain-joy-esse,Esse,Loa,crystal-palace,446,CRY,MID,0,5.0,0.0,0.0,0,0.0,0,,,0,0,0,0,-,-,-,0,H,IPS,2026-09-12,A,LEE,2026-09-19,H,NFO,2026-10-10
627285,kaine-kesler-hayden,Kesler-Hayden,Inj,coventry-city,447,COV,DEF,0,4.0,0.0,0.0,0,0.0,0,,,0,0,0,0,-,-,-,0,H,BHA,2026-09-13,A,NFO,2026-09-19,H,NEW,2026-10-10
540754,amadou-onana,Onana,Inj,aston-villa,448,AVL,MID,0,5.0,0.0,0.0,0,0.0,0,,,0,0,0,0,-,-,-,0,H,NFO,2026-09-12,A,TOT,2026-09-19,H,BRE,2026-10-10
56262,christian-norgaard,Nørgaard,Inj,arsenal,449,ARS,MID,0,4.9,-0.1,0.1,0,0.0,0,,,0,0,0,0,-,-,-,0,A,SUN,2026-09-12,A,BHA,2026-09-19,H,LEE,2026-10-10
771690,771690,Hughes,Inj,hull-city,450,HUL,DEF,0,4.0,0.0,0.1,0,0.0,0,,,0,0,0,0,-,-,-,0,A,CHE,2026-09-12,A,NEW,2026-09-19,H,EVE,2026-10-10
346150,pelenda-joshua-tunga-dasilva,Dasilva,Inj,brentford,452,BRE,MID,0,4.9,-0.1,0.0,0,0.0,0,,,0,0,0,0,-,-,-,0,A,BOU,2026-09-12,H,CHE,2026-09-18,A,AVL,2026-10-10
477403,illan-meslier,Meslier,,arsenal,453,ARS,GK,0,4.9,-0.1,0.0,0,0.0,0,,,0,0,0,0,-,-,-,100,A,SUN,2026-09-12,A,BHA,2026-09-19,H,LEE,2026-10-10
544911,nathan-patterson,Patterson,Loa,everton,454,EVE,DEF,0,4.5,0.0,0.0,0,0.0,0,,,0,0,0,0,-,-,-,0,A,TOT,2026-09-12,H,IPS,2026-09-19,A,HUL,2026-10-10
534324,kaoru-mitoma,Mitoma,Inj,brighton,455,BHA,MID,0,5.9,-0.1,0.0,0,0.0,0,,,0,0,0,0,-,-,-,0,A,COV,2026-09-13,H,ARS,2026-09-19,A,SUN,2026-10-10
86212,geronimo-rulli,Rulli,,manchester-city,456,MCI,GK,0,5.0,0.0,0.0,0,0.0,0,,,0,0,0,0,-,-,-,100,A,MUN,2026-09-13,H,SUN,2026-09-20,A,LIV,2026-10-10
346139,mason-mount,Mount,,manchester-united,457,MUN,MID,0,5.4,-0.1,0.0,0,0.0,0,,,0,0,0,0,-,-,✓,100,H,MCI,2026-09-13,A,FUL,2026-09-20,H,TOT,2026-10-10
558243,sepp-van-den-berg,v. d. Berg,Inj,brentford,458,BRE,DEF,0,4.9,-0.1,0.1,0,0.0,0,,,0,0,0,0,-,-,-,0,A,BOU,2026-09-12,H,CHE,2026-09-18,A,AVL,2026-10-10
605587,605587,Gyabi,Inj,hull-city,459,HUL,MID,0,4.5,0.0,0.0,0,0.0,0,,,0,0,0,0,-,-,-,0,A,CHE,2026-09-12,A,NEW,2026-09-19,H,EVE,2026-10-10
381290,alex-palmer,Palmer,,ipswich-town,460,IPS,GK,0,4.0,0.0,4.2,0,0.0,0,,,0,0,0,0,-,-,-,100,A,CRY,2026-09-12,A,EVE,2026-09-19,H,FUL,2026-10-10
284468,borna-sosa,Sosa,Loa,crystal-palace,461,CRY,DEF,0,4.5,0.0,0.0,0,0.0,0,,,0,0,0,0,-,-,-,0,H,IPS,2026-09-12,A,LEE,2026-09-19,H,NFO,2026-10-10
26499,arthur-masuaku,Masuaku,Loa,sunderland,462,SUN,DEF,0,4.0,0.0,0.1,0,0.0,0,,,0,0,0,0,-,-,-,0,H,ARS,2026-09-12,A,MCI,2026-09-20,H,BHA,2026-10-10
627916,leo-hjelde,Hjelde,Loa,sunderland,463,SUN,DEF,0,4.0,0.0,0.0,0,0.0,0,,,0,0,0,0,-,-,-,0,H,ARS,2026-09-12,A,MCI,2026-09-20,H,BHA,2026-10-10
789323,789323,Markelo,Loa,coventry-city,464,COV,FWD,0,5.0,0.0,0.0,0,0.0,0,,,0,0,0,0,-,-,-,0,H,BHA,2026-09-13,A,NFO,2026-09-19,H,NEW,2026-10-10
369314,altay-bayindir,Bayındır,Loa,manchester-united,465,MUN,GK,0,4.5,0.0,0.0,0,0.0,0,,,0,0,0,0,-,-,-,0,H,MCI,2026-09-13,A,FUL,2026-09-20,H,TOT,2026-10-10
809491,facundo-valentin-buonanotte,Buonanotte,Loa,brighton,466,BHA,MID,0,5.0,0.0,0.0,0,0.0,0,,,0,0,0,0,-,-,-,0,A,COV,2026-09-13,H,ARS,2026-09-19,A,SUN,2026-10-10
762995,ashley-phillips,Phillips,Loa,tottenham-hotspur,467,TOT,DEF,0,4.5,0.0,0.0,0,0.0,0,,,0,0,0,0,-,-,-,0,H,EVE,2026-09-12,H,AVL,2026-09-19,A,MUN,2026-10-10
578847,filip-jorgensen,Jörgensen,Loa,chelsea,468,CHE,GK,0,5.0,0.0,0.0,0,0.0,0,,,0,0,0,0,-,-,-,0,H,HUL,2026-09-12,A,BRE,2026-09-18,H,BOU,2026-10-10
447955,diop-tehuti-djed-hotep-spence,Spence,Loa,tottenham-hotspur,469,TOT,DEF,0,4.5,0.0,0.3,0,0.0,0,,,0,0,0,0,-,-,-,0,H,EVE,2026-09-12,H,AVL,2026-09-19,A,MUN,2026-10-10
346131,trevoh-chalobah,Chalobah,Loa,chelsea,470,CHE,DEF,0,5.5,0.0,0.1,0,0.0,0,,,0,0,0,0,-,-,-,0,H,HUL,2026-09-12,A,BRE,2026-09-18,H,BOU,2026-10-10
781890,kosta-nedeljkovic,Nedeljković,Loa,aston-villa,471,AVL,DEF,0,4.0,0.0,0.1,0,0.0,0,,,0,0,0,0,-,-,-,0,H,NFO,2026-09-12,A,TOT,2026-09-19,H,BRE,2026-10-10
399488,sebastiaan-bornauw,Bornauw,Loa,leeds-united,472,LEE,DEF,0,4.5,0.0,0.0,0,0.0,0,,,0,0,0,0,-,-,-,0,H,NEW,2026-09-14,H,CRY,2026-09-19,A,ARS,2026-10-10
520698,tijani-reijnders,Reijnders,Loa,manchester-city,473,MCI,MID,0,6.0,0.0,0.0,0,0.0,0,,,0,0,0,0,-,-,-,0,A,MUN,2026-09-13,H,SUN,2026-09-20,A,LIV,2026-10-10
601441,601441,Destan,Loa,hull-city,474,HUL,FWD,0,4.5,0.0,0.2,0,0.0,0,,,0,0,0,0,-,-,-,0,A,CHE,2026-09-12,A,NEW,2026-09-19,H,EVE,2026-10-10
850718,rio-cardines,Cardines,Loa,crystal-palace,475,CRY,DEF,0,4.5,0.0,0.0,0,0.0,0,,,0,0,0,0,-,-,-,0,H,IPS,2026-09-12,A,LEE,2026-09-19,H,NFO,2026-10-10
740187,stefan-bajcetic,Bajčetić,Loa,liverpool,476,LIV,MID,0,5.0,0.0,0.0,0,0.0,0,,,0,0,0,0,-,-,-,0,H,FUL,2026-09-12,A,BOU,2026-09-20,H,MCI,2026-10-10
470819,curtis-jones,Jones,Loa,liverpool,477,LIV,MID,0,5.5,0.0,0.0,0,0.0,0,,,0,0,0,0,-,-,-,0,H,FUL,2026-09-12,A,BOU,2026-09-20,H,MCI,2026-10-10
349148,349148,Matusiwa,,ipswich-town,478,IPS,MID,0,4.9,-0.1,0.0,0,0.0,0,,,0,0,0,0,-,-,-,100,A,CRY,2026-09-12,A,EVE,2026-09-19,H,FUL,2026-10-10
476336,ilia-gruev,Gruev,Dbt,leeds-united,479,LEE,MID,0,5.0,0.0,0.0,0,0.0,0,,,0,0,0,0,-,-,-,25,H,NEW,2026-09-14,H,CRY,2026-09-19,A,ARS,2026-10-10
767065,767065,v. Oevelen,Loa,ipswich-town,480,IPS,GK,0,4.5,0.0,0.0,0,0.0,0,,,0,0,0,0,-,-,-,0,A,CRY,2026-09-12,A,EVE,2026-09-19,H,FUL,2026-10-10
655471,jenson-seelt,Seelt,Loa,sunderland,481,SUN,DEF,0,4.5,0.0,0.0,0,0.0,0,,,0,0,0,0,-,-,-,0,H,ARS,2026-09-12,A,MCI,2026-09-20,H,BHA,2026-10-10
9624,tom-cairney,Cairney,Inj,fulham,482,FUL,MID,0,5.0,0.0,0.0,0,0.0,0,,,0,0,0,0,-,-,-,0,A,LIV,2026-09-12,H,MUN,2026-09-20,A,IPS,2026-10-10
397098,reiss-nelson,Nelson,Loa,arsenal,483,ARS,MID,0,5.5,0.0,0.0,0,0.0,0,,,0,0,0,0,-,-,-,0,A,SUN,2026-09-12,A,BHA,2026-09-19,H,LEE,2026-10-10
657854,wilson-serge-eric-odobert,Odobert,Inj,tottenham-hotspur,484,TOT,MID,0,5.5,0.0,0.0,0,0.0,0,,,0,0,0,0,-,-,-,0,H,EVE,2026-09-12,H,AVL,2026-09-19,A,MUN,2026-10-10
446705,manuel-ugarte,Ugarte,Inj,manchester-united,485,MUN,MID,0,5.0,0.0,0.0,0,0.0,0,,,0,0,0,0,-,-,-,0,H,MCI,2026-09-13,A,FUL,2026-09-20,H,TOT,2026-10-10
655297,antoni-milambo,Milambo,Inj,brentford,486,BRE,MID,0,5.0,0.0,0.0,0,0.0,0,,,0,0,0,0,-,-,-,0,A,BOU,2026-09-12,H,CHE,2026-09-18,A,AVL,2026-10-10
535572,dilane-bakwa,Bakwa,Loa,nottingham-forest,487,NFO,MID,0,5.5,0.0,0.0,0,0.0,0,,,0,0,0,0,-,-,-,0,A,AVL,2026-09-12,H,COV,2026-09-19,A,CRY,2026-10-10
648971,648971,Jacob,Loa,hull-city,488,HUL,DEF,0,4.0,0.0,0.0,0,0.0,0,,,0,0,0,0,-,-,-,0,A,CHE,2026-09-12,A,NEW,2026-09-19,H,EVE,2026-10-10
739091,amario-cozier-duberry,Cozier-Duberry,Loa,brighton,489,BHA,MID,0,5.0,0.0,0.0,0,0.0,0,,,0,0,0,0,-,-,-,0,A,COV,2026-09-13,H,ARS,2026-09-19,A,SUN,2026-10-10
810336,justin-devenny,Devenny,Loa,crystal-palace,490,CRY,MID,0,5.0,0.0,0.0,0,0.0,0,,,0,0,0,0,3rd+,-,✓,0,H,IPS,2026-09-12,A,LEE,2026-09-19,H,NFO,2026-10-10
763431,jesurun-rak-sakyi,Rak-Sakyi,Loa,crystal-palace,491,CRY,MID,0,4.9,-0.1,0.0,0,0.0,0,,,0,0,0,0,-,-,-,0,H,IPS,2026-09-12,A,LEE,2026-09-19,H,NFO,2026-10-10
601998,toby-collyer,Collyer,Loa,manchester-united,492,MUN,MID,0,5.0,0.0,0.0,0,0.0,0,,,0,0,0,0,-,-,-,0,H,MCI,2026-09-13,A,FUL,2026-09-20,H,TOT,2026-10-10
625471,nicolo-savona,Savona,Inj,nottingham-forest,493,NFO,DEF,0,4.5,0.0,0.0,0,0.0,0,,,0,0,0,0,-,-,-,0,A,AVL,2026-09-12,H,COV,2026-09-19,A,CRY,2026-10-10
1050460,jeremy-monga,Monga,Loa,manchester-city,494,MCI,MID,0,4.9,-0.1,0.0,0,0.0,0,,,0,0,0,0,-,-,-,0,A,MUN,2026-09-13,H,SUN,2026-09-20,A,LIV,2026-10-10
257899,joe-gomez,Gomez,Inj,liverpool,495,LIV,DEF,0,5.0,0.0,0.0,0,0.0,0,,,0,0,0,0,-,-,-,0,H,FUL,2026-09-12,A,BOU,2026-09-20,H,MCI,2026-10-10
823522,veljko-milosavljevic,Milosavljević,Inj,bournemouth,496,BOU,DEF,0,5.0,0.0,0.0,0,0.0,0,,,0,0,0,0,-,-,-,0,H,BRE,2026-09-12,H,LIV,2026-09-20,A,CHE,2026-10-10
782877,stefanos-tzimas,Tzimas,Inj,brighton,497,BHA,FWD,0,5.5,0.0,0.0,0,0.0,0,,,0,0,0,0,-,-,-,0,A,COV,2026-09-13,H,ARS,2026-09-19,A,SUN,2026-10-10
532749,benoit-badiashile,Badiashile,Loa,chelsea,498,CHE,DEF,0,4.5,0.0,0.0,0,0.0,0,,,0,0,0,0,-,-,-,0,H,HUL,2026-09-12,A,BRE,2026-09-18,H,BOU,2026-10-10
745929,ethan-nwaneri,Nwaneri,Loa,arsenal,499,ARS,MID,0,5.4,-0.1,0.0,0,0.0,0,,,0,0,0,0,-,-,-,0,A,SUN,2026-09-12,A,BHA,2026-09-19,H,LEE,2026-10-10
472363,dejan-kulusevski,Kulusevski,Inj,tottenham-hotspur,500,TOT,MID,0,6.5,0.0,0.0,0,0.0,0,,,0,0,0,0,-,-,-,0,H,EVE,2026-09-12,H,AVL,2026-09-19,A,MUN,2026-10-10
