id,web_name,team,pos,price,minutes,goals,assists,clean_sheets,goals_conceded,saves,defensive_contribution,bonus,bps,yellow_cards,red_cards,total_points
204,Mitchell,Crystal Palace,DEF,4.5,73,2,0,0,2,0,6,2,31,0,0,15
330,Bogle,Leeds,DEF,4.5,60,1,0,1,0,0,2,3,30,1,0,14
379,Isak,Liverpool,FWD,9.0,63,2,0,1,0,0,3,3,61,0,0,13
453,Barnes,Newcastle,MID,6.0,90,1,1,0,2,0,6,2,37,0,0,12
504,Vuskovic,Brighton,DEF,5.0,90,1,0,0,1,0,10,2,27,0,0,12
98,Janelt,Brentford,MID,5.0,90,1,0,0,1,0,12,3,30,1,0,11
367,Gakpo,Liverpool,MID,7.1,90,0,2,1,0,0,10,2,43,0,0,11
15,Ødegaard,Arsenal,MID,6.6,76,1,0,0,1,0,3,3,47,0,0,10
68,Tavernier,Bournemouth,MID,6.0,88,1,0,0,2,0,9,3,43,0,0,10
69,Scott,Bournemouth,MID,6.0,90,0,2,0,2,0,11,2,37,0,0,10
242,George,Everton,MID,5.5,90,1,0,0,2,0,4,3,35,0,0,10
268,King,Fulham,MID,5.5,90,1,0,0,3,0,7,3,38,0,0,10
597,Suzuki,Aston Villa,GKP,5.0,90,0,0,1,0,4,0,3,38,0,0,10
411,Haaland,Man City,FWD,15.5,90,1,0,1,0,0,7,3,40,0,0,9
432,Mainoo,Man Utd,MID,5.5,83,0,1,0,1,0,15,2,32,0,0,9
503,Van de Ven,Spurs,DEF,5.0,90,0,0,1,0,0,9,3,30,0,0,9
26,Havertz,Arsenal,FWD,7.5,77,1,0,0,1,0,1,2,38,0,0,8
96,Damsgaard,Brentford,MID,5.5,85,0,1,0,1,0,4,3,30,0,0,8
112,Van Hecke,Spurs,DEF,4.9,90,0,0,1,0,0,4,2,29,0,0,8
282,Giles,Hull City,DEF,4.0,90,0,0,1,0,0,4,2,30,0,0,8
350,A.Becker,Liverpool,GKP,5.5,90,0,0,1,0,5,0,1,35,0,0,8
388,Guéhi,Man City,DEF,6.0,90,0,0,1,0,0,9,2,31,0,0,8
391,Gvardiol,Man City,DEF,5.6,90,0,0,1,0,0,8,2,31,0,0,8
427,Mbeumo,Man Utd,MID,7.9,90,1,0,0,2,0,8,1,29,0,0,8
472,Murillo,Nott'm Forest,DEF,5.5,89,0,0,1,0,0,10,0,25,0,0,8
474,Jair Cunha,Nott'm Forest,DEF,4.5,90,0,0,1,0,0,12,0,24,0,0,8
542,E.Le Fée,Sunderland,MID,5.9,90,1,0,0,1,0,6,1,25,0,0,8
570,Palacios,Fulham,MID,5.5,60,1,0,0,2,0,0,1,27,0,0,8
579,Araujo,Liverpool,DEF,5.4,90,0,0,1,0,0,10,0,27,0,0,8
586,Mendy,Hull City,DEF,4.0,70,0,0,1,0,0,10,0,22,0,0,8
36,Maatsen,Aston Villa,DEF,4.5,74,0,0,1,0,0,3,1,29,0,0,7
384,Donnarumma,Man City,GKP,5.5,90,0,0,1,0,3,0,0,29,0,0,7
469,N.Williams,Nott'm Forest,DEF,5.0,90,0,0,1,0,0,6,1,28,0,0,7
471,Milenković,Nott'm Forest,DEF,5.5,90,0,0,1,0,0,11,0,27,1,0,7
499,Pedro Porro,Spurs,DEF,5.5,90,0,0,1,0,0,4,1,28,0,0,7
643,Chilwell,Crystal Palace,DEF,4.5,16,1,0,0,0,0,0,0,20,0,0,7
649,Maitland-Niles,Everton,DEF,4.5,13,1,0,0,1,0,0,0,13,0,0,7
32,Cash,Aston Villa,DEF,4.5,84,0,0,1,0,0,1,0,23,0,0,6
33,Mings,Aston Villa,DEF,4.5,90,0,0,1,0,0,5,0,28,0,0,6
37,Lindelöf,Aston Villa,DEF,4.5,90,0,0,1,0,0,4,0,28,0,0,6
40,Rogers,Chelsea,MID,7.5,86,1,0,0,2,0,5,0,22,1,0,6
277,Egan,Hull City,DEF,4.0,90,0,0,1,0,0,7,0,18,0,0,6
280,Coyle,Hull City,DEF,4.0,63,0,0,1,0,0,0,0,19,0,0,6
356,Virgil,Liverpool,DEF,6.5,90,0,0,1,0,0,7,0,32,0,0,6
390,Rúben,Man City,DEF,5.5,90,0,0,1,0,0,3,0,25,0,0,6
397,Semenyo,Man City,MID,8.4,90,0,1,1,0,0,4,0,26,0,0,6
456,J.Ramsey,Newcastle,MID,4.9,27,1,0,0,0,0,4,0,22,0,0,6
467,Sels,Nott'm Forest,GKP,5.0,90,0,0,1,0,0,0,0,21,0,0,6
496,Kinsky,Spurs,GKP,4.5,90,0,0,1,0,1,0,0,24,0,0,6
572,Tzolakis,Hull City,GKP,4.6,90,0,0,1,0,1,0,0,25,0,0,6
13,Rice,Arsenal,MID,7.4,90,0,1,0,1,0,6,0,22,0,0,5
116,Dunk,Brighton,DEF,4.5,90,0,0,0,1,0,12,1,20,0,0,5
211,Yeremy,Crystal Palace,MID,5.5,88,0,1,0,2,0,5,0,25,0,0,5
214,Kamada,Crystal Palace,MID,5.0,88,0,1,0,2,0,4,0,21,0,0,5
279,Ajayi,Hull City,DEF,4.1,90,0,0,1,0,0,6,0,17,1,0,5
286,Belloumi,Hull City,MID,5.0,81,0,0,1,0,0,12,0,15,0,0,5
345,Tanaka,Leeds,MID,4.9,72,0,1,0,1,0,8,0,18,0,0,5
358,Kerkez,Liverpool,DEF,5.5,90,0,0,1,0,0,5,0,23,1,0,5
362,Jacquet,Liverpool,DEF,5.0,90,0,0,1,0,0,9,0,28,1,0,5
393,Khusanov,Man City,DEF,5.5,90,0,0,1,0,0,6,0,22,1,0,5
439,Šeško,Man Utd,FWD,7.0,20,1,0,0,2,0,0,0,28,0,0,5
455,Tonali,Spurs,MID,5.4,90,0,0,1,0,0,12,0,22,0,0,5
506,Udogie,Spurs,DEF,4.5,60,0,0,1,0,0,3,0,16,1,0,5
516,Bentancur,Spurs,MID,5.5,90,0,0,1,0,0,17,0,14,0,0,5
557,Tzolis,Arsenal,MID,6.5,90,0,1,0,1,0,8,1,31,1,0,5
31,Konsa,Arsenal,DEF,4.4,90,0,0,0,1,0,10,0,15,0,0,4
73,Adams,Bournemouth,MID,5.0,75,0,0,0,1,0,12,0,15,0,0,4
93,Schuster,Brentford,DEF,4.5,73,0,0,0,1,0,10,0,11,0,0,4
115,De Cuyper,Brighton,DEF,4.7,76,0,1,0,1,0,2,0,17,1,0,4
173,Thomas,Coventry City,DEF,4.0,90,0,0,0,1,0,12,0,19,0,0,4
224,Nketiah,Crystal Palace,FWD,5.5,45,0,1,0,2,0,2,0,16,0,0,4
247,Hackney,Everton,MID,5.5,15,0,1,0,1,0,1,0,14,0,0,4
332,Justin,Leeds,DEF,4.5,90,0,0,0,1,0,10,0,9,0,0,4
334,Muharemović,Leeds,DEF,5.0,90,0,0,0,1,0,13,0,10,0,0,4
423,Shaw,Man Utd,DEF,4.5,90,0,1,0,1,0,8,0,22,1,0,4
449,Hall,Newcastle,DEF,5.1,89,0,1,0,2,0,6,0,20,0,0,4
532,Ballard,Sunderland,DEF,5.0,90,0,0,0,1,0,10,0,12,0,0,4
533,Mukiele,Sunderland,DEF,5.5,90,0,0,0,1,0,14,0,16,0,0,4
553,Isidor,Sunderland,FWD,5.5,26,0,1,0,0,0,2,0,15,0,0,4
598,Elvedi,Leeds,DEF,4.5,90,0,0,0,1,0,10,0,12,0,0,4
619,Palacios,Ipswich Town,MID,5.0,77,0,0,0,2,0,19,0,24,0,0,4
1,Raya,Arsenal,GKP,6.0,90,0,0,0,1,4,0,0,15,0,0,3
28,Martinez,Chelsea,GKP,5.0,90,0,0,0,2,8,0,0,26,0,0,3
41,Buendía,Aston Villa,MID,6.0,74,0,0,1,0,0,2,0,2,0,0,3
45,McGinn,Aston Villa,MID,5.4,90,0,0,1,0,0,5,0,6,0,0,3
46,Barkley,Aston Villa,MID,5.0,90,0,0,1,0,0,6,0,15,0,0,3
47,Kamara,Aston Villa,MID,5.0,90,0,0,1,0,0,10,0,20,0,0,3
51,George Hemmings,Aston Villa,MID,4.5,74,0,0,1,0,0,7,0,12,0,0,3
91,Pinnock,Coventry City,DEF,4.5,90,0,0,0,1,0,13,0,3,1,0,3
109,Verbruggen,Brighton,GKP,4.5,90,0,0,0,1,3,0,0,17,0,0,3
145,Fofana,Chelsea,DEF,5.0,90,0,0,0,2,0,17,0,16,0,0,3
148,Hato,Chelsea,DEF,4.5,59,0,1,0,2,0,6,0,5,0,0,3
153,Disasi,Crystal Palace,DEF,4.5,90,0,0,0,2,0,13,0,14,0,0,3
155,Enzo,Man City,MID,6.9,75,0,0,1,0,0,3,0,17,0,0,3
175,van Ewijk,Coventry City,DEF,4.0,90,0,0,0,1,0,11,0,5,1,0,3
229,Tarkowski,Everton,DEF,6.0,90,0,0,0,2,0,12,0,11,0,0,3
230,Branthwaite,Everton,DEF,5.5,90,0,0,0,2,0,11,0,10,0,0,3
237,Ndiaye,Man City,MID,5.9,86,0,0,1,0,0,5,0,12,0,0,3
259,Diop,Ipswich Town,DEF,4.0,90,0,0,0,2,0,11,0,10,0,0,3
290,Slater,Hull City,MID,4.5,90,0,0,1,0,0,6,0,10,0,0,3
304,O'Shea,Ipswich Town,DEF,4.0,90,0,0,0,2,0,11,0,5,0,0,3
336,Okafor,Leeds,MID,5.9,61,0,0,1,0,0,0,0,9,0,0,3
366,Wirtz,Liverpool,MID,7.4,90,0,0,1,0,0,4,0,14,0,0,3
368,Szoboszlai,Liverpool,MID,7.0,90,0,0,1,0,0,9,0,20,0,0,3
377,Munoz,Liverpool,MID,6.5,63,0,0,1,0,0,4,0,9,0,0,3
385,Trafford,Leeds,GKP,5.0,90,0,0,0,1,4,0,0,18,0,0,3
399,Cherki,Man City,MID,7.8,65,0,0,1,0,0,3,0,23,0,0,3
403,Sávio,Spurs,MID,6.5,60,0,0,1,0,0,0,0,15,0,0,3
419,Martinez,Man Utd,DEF,5.0,90,0,0,0,2,0,10,0,7,0,0,3
428,Cunha,Man Utd,MID,7.9,69,0,0,1,0,0,3,0,10,0,0,3
429,Rashford,Man Utd,MID,7.0,69,0,0,1,0,0,4,0,11,0,0,3
480,Gibbs-White,Nott'm Forest,MID,7.9,90,0,0,1,0,0,7,0,3,0,0,3
481,Anderson,Man City,MID,6.4,90,0,0,1,0,0,11,0,23,0,0,3
514,Tel,Spurs,MID,5.9,73,0,0,1,0,0,2,0,11,0,0,3
519,Gallagher,Spurs,MID,5.4,83,0,0,1,0,0,11,0,23,0,0,3
544,Xhaka,Sunderland,MID,5.5,90,0,0,0,1,0,15,0,12,1,0,3
558,Schlager,Nott'm Forest,MID,5.0,90,0,0,1,0,0,10,0,18,0,0,3
576,Stroud,Hull City,MID,5.0,62,0,0,1,0,0,2,0,5,0,0,3
588,Khalaili,Crystal Palace,DEF,5.0,90,0,0,0,2,0,10,0,6,0,0,3
4,Gabriel,Arsenal,DEF,8.0,90,0,0,0,1,0,7,0,10,0,0,2
7,Lewis-Skelly,Arsenal,MID,5.5,66,0,0,0,1,0,2,0,5,0,0,2
8,Calafiori,Arsenal,DEF,5.7,66,0,0,0,1,0,1,0,0,0,0,2
10,White,Arsenal,DEF,5.5,90,0,0,0,1,0,6,0,11,0,0,2
12,Saka,Arsenal,MID,9.5,89,0,0,0,1,0,4,0,13,0,0,2
43,Tielemans,Man Utd,MID,5.9,90,0,0,0,2,0,7,0,17,0,0,2
67,Rayan,Bournemouth,MID,6.5,88,0,0,0,2,0,2,0,8,0,0,2
79,Evanilson,Bournemouth,FWD,6.0,90,0,0,0,2,0,7,0,4,0,0,2
82,Kelleher,Brentford,GKP,5.0,90,0,0,0,1,2,0,0,10,0,0,2
86,Lewis-Potter,Brentford,MID,5.5,90,0,0,0,1,0,6,0,4,0,0,2
87,Ajer,Brentford,DEF,4.5,90,0,0,0,1,0,5,0,8,0,0,2
94,Schade,Brentford,MID,6.0,90,0,0,0,1,0,5,0,11,0,0,2
104,Onyeka,Coventry City,MID,5.0,62,0,0,0,1,0,3,0,5,0,0,2
106,Thiago,Brentford,FWD,8.0,90,0,0,0,1,0,6,0,9,0,0,2
110,Rushworth,Coventry City,GKP,4.5,90,0,0,0,1,2,0,0,13,0,0,2
113,F.Kadıoğlu,Brighton,DEF,4.4,77,0,0,0,1,0,5,0,8,0,0,2
114,Boscagli,Brighton,DEF,4.5,90,0,0,0,1,0,4,0,17,0,0,2
127,Gomez,Brighton,MID,5.0,90,0,0,0,1,0,9,0,13,0,0,2
129,Ayari,Brighton,MID,5.4,90,0,0,0,1,0,3,0,18,0,0,2
138,Kostoulas,Brighton,FWD,5.5,90,0,0,0,1,0,8,0,9,0,0,2
156,Neto,Chelsea,MID,6.5,80,0,0,0,2,0,7,0,11,0,0,2
166,N.Jackson,Aston Villa,FWD,6.5,84,0,0,1,0,0,2,0,10,0,0,2
167,Delap,Nott'm Forest,FWD,5.5,73,0,0,1,0,0,5,0,6,0,0,2
176,Dasilva,Coventry City,DEF,4.0,84,0,0,0,1,0,7,0,10,0,0,2
182,Amenda,Coventry City,DEF,4.0,90,0,0,0,1,0,3,0,4,0,0,2
183,Rudoni,Coventry City,MID,5.0,62,0,0,0,1,0,5,0,9,0,0,2
184,Grimes,Coventry City,MID,5.0,90,0,0,0,1,0,8,0,8,0,0,2
186,Mason-Clark,Coventry City,MID,5.4,70,0,0,0,1,0,5,0,4,0,0,2
198,Henderson,Crystal Palace,GKP,5.0,90,0,0,0,2,5,0,0,19,0,0,2
200,Lacroix,Chelsea,DEF,6.0,90,0,0,0,2,0,10,0,3,1,0,2
210,Wharton,Crystal Palace,MID,5.5,90,0,0,0,2,0,8,0,10,0,0,2
236,Dewsbury-Hall,Everton,MID,6.5,90,0,0,0,2,0,11,0,20,0,0,2
239,Garner,Everton,MID,6.0,76,0,0,0,1,0,8,0,19,0,0,2
249,Barry,Everton,FWD,5.6,90,0,0,0,2,0,4,0,7,0,0,2
261,Iwobi,Fulham,MID,5.5,82,0,0,0,3,0,4,0,15,0,0,2
264,Bobb,Fulham,MID,5.5,78,0,0,0,3,0,4,0,17,0,0,2
267,Lukić,Ipswich Town,MID,5.0,90,0,0,0,2,0,4,0,13,0,0,2
295,McBurnie,Hull City,FWD,5.5,90,0,0,1,0,0,3,0,2,0,0,2
315,Fatawu,Ipswich Town,MID,5.5,78,0,0,0,2,0,6,0,14,0,0,2
316,Emersonn,Ipswich Town,FWD,5.5,65,0,0,0,2,0,3,0,8,0,0,2
331,Gudmundsson,Leeds,DEF,4.5,90,0,0,0,1,0,5,0,9,0,0,2
335,Stach,Leeds,MID,6.0,90,0,0,0,1,0,6,0,7,0,0,2
338,Ampadu,Leeds,MID,5.5,90,0,0,0,1,0,11,0,13,0,0,2
372,Mac Allister,Liverpool,MID,5.5,83,0,0,1,0,0,11,0,14,1,0,2
401,Marmoush,Spurs,FWD,7.0,83,0,0,1,0,0,0,0,6,0,0,2
405,N.Gonzalez,Newcastle,MID,5.5,76,0,0,0,2,0,7,0,11,0,0,2
412,Lammens,Man Utd,GKP,5.0,90,0,0,0,2,4,0,0,13,0,0,2
418,Maguire,Man Utd,DEF,5.0,90,0,0,0,2,0,12,0,1,1,0,2
426,B.Fernandes,Man Utd,MID,12.0,90,0,0,0,2,0,2,0,11,0,0,2
459,L.Miley,Newcastle,MID,5.5,62,0,0,0,2,0,4,0,11,0,0,2
460,Willock,Newcastle,MID,5.0,62,0,0,0,2,0,3,0,6,0,0,2
486,McAtee,Nott'm Forest,MID,5.5,90,0,0,1,0,0,7,0,22,1,0,2
492,Awoniyi,Coventry City,FWD,5.5,70,0,0,0,1,0,5,0,6,0,0,2
501,Danso,Sunderland,DEF,5.0,90,0,0,0,1,0,8,0,9,0,0,2
529,Roefs,Sunderland,GKP,5.0,90,0,0,0,1,1,0,0,11,0,0,2
536,Reinildo,Sunderland,DEF,4.5,90,0,0,0,1,0,7,0,14,0,0,2
541,Meunier,Sunderland,DEF,4.5,63,0,0,0,1,0,2,0,0,0,0,2
551,N.Angulo,Sunderland,MID,5.0,63,0,0,0,1,0,5,0,11,0,0,2
552,Brobbey,Sunderland,FWD,5.9,90,0,0,0,1,0,3,0,11,0,0,2
562,Maeda,Ipswich Town,MID,5.4,65,0,0,0,2,0,5,0,9,0,0,2
564,Scherpen,Ipswich Town,GKP,4.5,90,0,0,0,2,5,0,0,13,0,0,2
567,Horníček,Newcastle,GKP,5.0,90,0,0,0,2,4,0,0,12,0,0,2
569,Gonzalo,Fulham,FWD,6.0,90,0,0,0,3,0,7,0,10,0,0,2
580,Charles,Fulham,MID,5.0,78,0,0,0,3,0,11,0,18,0,0,2
589,Gourna-Douath,Hull City,MID,5.0,81,0,0,1,0,0,10,0,7,1,0,2
605,Yalcouyé,Brighton,MID,4.5,90,0,0,0,1,0,5,0,16,0,0,2
644,Timber,Crystal Palace,MID,5.0,73,0,0,0,2,0,6,0,8,0,0,2
9,Hincapie,Arsenal,DEF,5.3,23,0,0,0,0,0,3,0,3,0,0,1
16,Madueke,Arsenal,MID,6.3,1,0,0,0,0,0,1,0,3,0,0,1
19,Zubimendi,Arsenal,MID,5.4,23,0,0,0,0,0,4,0,1,0,0,1
25,Gyökeres,Arsenal,FWD,7.3,12,0,0,0,0,0,1,0,2,0,0,1
52,Alysson,Aston Villa,MID,5.0,15,0,0,0,0,0,1,0,3,0,0,1
56,Abraham,Aston Villa,FWD,5.5,5,0,0,0,0,0,1,0,3,0,0,1
57,Petrović,Bournemouth,GKP,4.5,90,0,0,0,2,0,0,0,0,0,0,1
60,Hill,Bournemouth,DEF,5.5,90,0,0,0,2,0,6,0,4,0,0,1
70,Kluivert,Bournemouth,MID,6.0,75,0,0,0,1,0,4,0,6,1,0,1
71,Cook,Bournemouth,MID,5.0,14,0,0,0,1,0,1,0,2,0,0,1
72,Gannon-Doak,Bournemouth,MID,5.0,1,0,0,0,0,0,2,0,3,0,0,1
74,Brooks,Bournemouth,MID,5.0,14,0,0,0,1,0,0,0,2,0,0,1
75,Christie,Bournemouth,MID,5.0,1,0,0,0,0,0,0,0,3,0,0,1
84,Collins,Brentford,DEF,5.5,16,0,0,0,0,0,1,0,4,0,0,1
88,Kayode,Brentford,DEF,4.6,45,0,0,0,0,0,5,0,2,0,0,1
90,Hickey,Brentford,DEF,4.5,45,0,0,0,1,0,5,0,0,0,0,1
95,O.Dango,Brentford,MID,6.4,45,0,0,0,0,0,11,0,6,0,0,1
105,Anthony,Brentford,MID,6.0,45,0,0,0,1,0,4,0,3,0,0,1
108,Wilson,Brentford,FWD,5.5,4,0,0,0,0,0,1,0,2,0,0,1
119,Costinha,Brighton,DEF,4.5,12,0,0,0,0,0,1,0,7,0,0,1
124,Groß,Brighton,MID,5.5,90,0,0,0,1,0,4,0,-1,1,0,1
136,Welbeck,Chelsea,FWD,5.9,3,0,0,0,0,0,0,0,3,0,0,1
142,James,Chelsea,DEF,5.4,90,0,0,0,2,0,4,0,9,0,0,1
144,Gusto,Chelsea,DEF,5.0,30,0,0,0,0,0,2,0,4,0,0,1
151,Acheampong,Chelsea,DEF,4.5,90,0,0,0,2,0,1,0,-3,0,0,1
154,Palmer,Chelsea,MID,9.6,90,0,0,0,2,0,3,0,11,1,0,1
157,Estêvão,Chelsea,MID,6.4,9,0,0,0,0,0,0,0,5,0,0,1
160,Garnacho,Aston Villa,MID,5.9,15,0,0,0,0,0,0,0,4,0,0,1
161,Lavia,Chelsea,MID,5.0,59,0,0,0,2,0,6,0,7,0,0,1
162,Andrey Santos,Man Utd,MID,4.9,6,0,0,0,1,0,4,0,4,0,0,1
165,João Pedro,Chelsea,FWD,7.7,90,0,0,0,2,0,1,0,8,1,0,1
190,Tchaouna,Coventry City,MID,5.5,27,0,0,0,0,0,1,0,9,0,0,1
194,Thomas-Asante,Coventry City,FWD,5.0,19,0,0,0,0,0,3,0,6,0,0,1
195,Simms,Coventry City,FWD,5.0,19,0,0,0,0,0,0,0,3,0,0,1
201,Muñoz,Nott'm Forest,DEF,5.4,31,0,0,0,0,0,1,0,5,0,0,1
202,Richards,Crystal Palace,DEF,5.0,90,0,0,0,2,0,9,0,8,0,0,1
203,Canvot,Crystal Palace,DEF,4.9,90,0,0,0,2,0,9,0,4,0,0,1
207,Mingueza,Crystal Palace,DEF,4.4,1,0,0,0,0,0,1,0,4,0,0,1
209,Johnson,Everton,MID,5.9,65,0,0,0,1,0,8,0,3,1,0,1
212,Hughes,Crystal Palace,MID,4.5,16,0,0,0,0,0,3,0,3,0,0,1
222,Strand Larsen,Crystal Palace,FWD,6.0,45,0,0,0,0,0,4,0,4,0,0,1
226,Pickford,Everton,GKP,5.5,90,0,0,0,2,1,0,0,6,0,0,1
233,Mykolenko,Everton,DEF,4.5,90,0,0,0,2,0,6,0,8,0,0,1
238,Grealish,Everton,MID,6.5,24,0,0,0,1,0,1,0,8,0,0,1
244,Armstrong,Everton,MID,5.0,90,0,0,0,2,0,5,0,5,1,0,1
246,Röhl,Everton,MID,5.0,74,0,0,0,1,0,6,0,10,1,0,1
250,Leno,Fulham,GKP,4.5,90,0,0,0,3,2,0,0,8,0,0,1
253,Andersen,Fulham,DEF,5.0,90,0,0,0,3,0,7,0,8,0,0,1
254,Robinson,Fulham,DEF,4.5,78,0,0,0,3,0,5,0,7,0,0,1
257,Bassey,Fulham,DEF,4.5,90,0,0,0,3,0,2,0,2,0,0,1
258,Castagne,Fulham,DEF,4.5,90,0,0,0,3,0,7,0,-1,0,0,1
262,Smith Rowe,Fulham,MID,5.4,11,0,0,0,0,0,0,0,3,0,0,1
265,Berge,Fulham,MID,5.0,29,0,0,0,1,0,2,0,9,0,0,1
269,Sessegnon,Fulham,DEF,4.5,11,0,0,0,0,0,1,0,3,0,0,1
271,Muniz,Fulham,FWD,5.5,7,0,0,0,0,0,0,0,5,0,0,1
305,Davis,Ipswich Town,DEF,4.0,90,0,0,0,2,0,6,0,4,0,0,1
306,Greaves,Ipswich Town,DEF,4.0,90,0,0,0,2,0,7,0,6,0,0,1
313,Clarke,Ipswich Town,MID,5.5,24,0,0,0,0,0,2,0,3,0,0,1
323,McAteer,Ipswich Town,MID,4.5,11,0,0,0,0,0,1,0,5,0,0,1
327,Bijol,Leeds,DEF,5.0,29,0,0,0,1,0,4,0,1,0,0,1
328,Struijk,Brighton,DEF,5.0,1,0,0,0,0,0,0,0,3,0,0,1
337,Aaronson,Leeds,MID,5.4,28,0,0,0,1,0,0,0,5,0,0,1
346,Calvert-Lewin,Leeds,FWD,6.0,72,0,0,0,1,0,3,0,0,1,0,1
347,Nmecha,Leeds,FWD,5.5,17,0,0,0,0,0,0,0,2,0,0,1
371,Gravenberch,Liverpool,MID,5.9,26,0,0,0,0,0,2,0,2,0,0,1
375,Nyoni,Liverpool,MID,4.9,6,0,0,0,0,0,0,0,3,0,0,1
381,Koumas,Liverpool,MID,5.0,1,0,0,0,0,0,0,0,3,0,0,1
398,Foden,Man City,MID,7.0,24,0,0,0,0,0,1,0,3,0,0,1
415,Dorgu,Man Utd,MID,5.9,20,0,0,0,2,0,3,0,3,0,0,1
417,Dalot,Man Utd,DEF,4.9,83,0,0,0,1,0,4,0,8,1,0,1
420,Yoro,Man Utd,DEF,4.9,6,0,0,0,1,0,3,0,1,0,0,1
422,Mazraoui,Man Utd,DEF,4.5,1,0,0,0,1,0,1,0,-1,0,0,1
447,Botman,Newcastle,DEF,5.0,90,0,0,0,2,0,9,0,3,0,0,1
450,Livramento,Newcastle,DEF,4.9,1,0,0,0,0,0,0,0,3,0,0,1
454,Elanga,Newcastle,MID,6.1,76,0,0,0,2,0,4,0,8,1,0,1
457,J.Murphy,Newcastle,MID,5.9,13,0,0,0,0,0,1,0,5,0,0,1
462,Steur,Newcastle,MID,4.9,13,0,0,0,0,0,2,0,3,0,0,1
464,Wissa,Newcastle,FWD,6.2,90,0,0,0,2,0,3,0,7,1,0,1
473,Aina,Nott'm Forest,DEF,4.5,58,0,0,0,0,0,7,0,8,0,0,1
483,Ndoye,Nott'm Forest,MID,5.5,58,0,0,0,0,0,5,0,5,0,0,1
490,Wood,Nott'm Forest,FWD,5.9,16,0,0,0,0,0,0,0,3,0,0,1
491,Igor Jesus,Nott'm Forest,FWD,5.9,31,0,0,0,0,0,1,0,3,0,0,1
502,Robertson,Spurs,DEF,4.5,29,0,0,0,0,0,1,0,3,0,0,1
512,Kudus,Spurs,MID,6.5,29,0,0,0,0,0,3,0,13,0,0,1
526,Solanke,Spurs,FWD,5.9,6,0,0,0,0,0,1,0,-1,0,0,1
534,Hume,Sunderland,DEF,4.5,26,0,0,0,0,0,2,0,8,0,0,1
545,Sadiki,Sunderland,MID,5.0,73,0,0,0,1,0,3,0,16,1,0,1
566,Silva,Bournemouth,DEF,5.0,90,0,0,0,2,0,8,0,8,0,0,1
574,Hjertø-Dahl,Hull City,MID,4.9,8,0,0,0,0,0,1,0,4,0,0,1
575,Yirenkyi,Coventry City,MID,5.0,27,0,0,0,0,0,6,0,4,0,0,1
578,Mudryk,Spurs,MID,5.4,16,0,0,0,0,0,0,0,3,0,0,1
581,Diomande,Nott'm Forest,DEF,5.4,1,0,0,0,0,0,0,0,3,0,0,1
583,Chavarria,Chelsea,DEF,4.9,30,0,0,0,0,0,2,0,2,0,0,1
584,Hamer,Coventry City,MID,5.5,5,0,0,0,0,0,2,0,1,0,0,1
585,Herrington,Hull City,DEF,4.0,19,0,0,0,0,0,2,0,2,0,0,1
591,Enciso,Ipswich Town,MID,5.5,90,0,0,0,2,0,5,0,16,1,0,1
592,Ouattara,Ipswich Town,DEF,4.0,12,0,0,0,0,0,0,0,4,0,0,1
593,Dedić,Newcastle,DEF,4.5,90,0,0,0,2,0,1,0,3,0,0,1
596,Ruggeri,Aston Villa,DEF,4.5,15,0,0,0,0,0,1,0,3,0,0,1
608,Jebbison,Bournemouth,FWD,5.0,1,0,0,0,0,0,0,0,4,0,0,1
611,Wan-Bissaka,Aston Villa,DEF,4.5,5,0,0,0,0,0,1,0,3,0,0,1
616,Bouaddi,Man City,MID,5.5,14,0,0,0,0,0,5,0,5,0,0,1
617,Cho,Hull City,MID,5.0,8,0,0,0,0,0,0,0,5,0,0,1
621,McAidoo,Man City,MID,4.5,3,0,0,0,0,0,4,0,5,0,0,1
627,Barcola,Liverpool,MID,8.0,26,0,0,0,0,0,0,0,5,0,0,1
634,Fernandez-Pardo,Newcastle,FWD,6.0,27,0,0,0,0,0,1,0,4,0,0,1
635,Larsson,Fulham,MID,5.0,11,0,0,0,0,0,1,0,3,0,0,1
638,Norton-Cuffy,Hull City,DEF,4.0,26,0,0,0,0,0,1,0,3,0,0,1
640,Flemming,Ipswich Town,FWD,5.5,24,0,0,0,0,0,0,0,4,0,0,1
642,Thomas,Hull City,MID,5.5,27,0,0,0,0,0,1,0,5,0,0,1
646,Fofana,Sunderland,MID,5.5,16,0,0,0,0,0,0,0,3,0,0,1
647,Osorio,Crystal Palace,MID,5.5,1,0,0,0,0,0,1,0,2,0,0,1
2,Arrizabalaga,Arsenal,GKP,4.9,0,0,0,0,0,0,0,0,0,0,0,0
3,Meslier,Arsenal,GKP,4.9,0,0,0,0,0,0,0,0,0,0,0,0
5,J.Timber,Arsenal,DEF,6.5,0,0,0,0,0,0,0,0,0,0,0,0
6,Saliba,Arsenal,DEF,6.0,0,0,0,0,0,0,0,0,0,0,0,0
11,Mosquera,Arsenal,DEF,5.5,0,0,0,0,0,0,0,0,0,0,0,0
14,Eze,Arsenal,MID,6.4,0,0,0,0,0,0,0,0,0,0,0,0
17,Merino,Arsenal,MID,5.9,13,0,0,0,0,0,0,0,0,1,0,0
18,Martinelli,Arsenal,MID,6.3,0,0,0,0,0,0,0,0,0,0,0,0
20,Dowman,Arsenal,MID,5.4,0,0,0,0,0,0,0,0,0,0,0,0
21,Nørgaard,Everton,MID,4.9,0,0,0,0,0,0,0,0,0,0,0,0
22,Nwaneri,Arsenal,MID,5.4,0,0,0,0,0,0,0,0,0,0,0,0
23,Fábio Vieira,Arsenal,MID,5.5,0,0,0,0,0,0,0,0,0,0,0,0
24,Nelson,Arsenal,MID,5.5,0,0,0,0,0,0,0,0,0,0,0,0
27,G.Jesus,Arsenal,FWD,5.9,0,0,0,0,0,0,0,0,0,0,0,0
29,M.Bizot,Aston Villa,GKP,4.5,0,0,0,0,0,0,0,0,0,0,0,0
30,Digne,Aston Villa,DEF,4.5,0,0,0,0,0,0,0,0,0,0,0,0
34,Pau,Aston Villa,DEF,4.5,0,0,0,0,0,0,0,0,0,0,0,0
35,Bogarde,Aston Villa,MID,5.0,0,0,0,0,0,0,0,0,0,0,0,0
38,A.García,Aston Villa,DEF,4.0,0,0,0,0,0,0,0,0,0,0,0,0
39,Nedeljkovic,Aston Villa,DEF,4.0,0,0,0,0,0,0,0,0,0,0,0,0
42,Guessand,Crystal Palace,MID,5.5,0,0,0,0,0,0,0,0,0,0,0,0
44,Bailey,Aston Villa,MID,5.4,0,0,0,0,0,0,0,0,0,0,0,0
48,Onana,Aston Villa,MID,5.0,0,0,0,0,0,0,0,0,0,0,0,0
49,Iling Jr,Aston Villa,MID,5.0,0,0,0,0,0,0,0,0,0,0,0,0
50,Burrowes,Aston Villa,MID,4.5,0,0,0,0,0,0,0,0,0,0,0,0
53,Manzambi,Aston Villa,MID,5.9,0,0,0,0,0,0,0,0,0,0,0,0
54,Gomes,Aston Villa,MID,5.5,0,0,0,0,0,0,0,0,0,0,0,0
55,Watkins,Aston Villa,FWD,7.8,0,0,0,0,0,0,0,0,0,0,0,0
58,Forster,Bournemouth,GKP,4.0,0,0,0,0,0,0,0,0,0,0,0,0
59,Dennis,Bournemouth,GKP,4.0,0,0,0,0,0,0,0,0,0,0,0,0
61,Truffert,Bournemouth,DEF,5.5,90,0,0,0,2,0,6,0,-3,1,0,0
62,Diakité,Bournemouth,DEF,5.0,0,0,0,0,0,0,0,0,0,0,0,0
63,Milosavljević,Bournemouth,DEF,5.0,0,0,0,0,0,0,0,0,0,0,0,0
64,Smith,Bournemouth,DEF,4.5,90,0,0,0,2,0,4,0,3,1,0,0
65,J.Araujo,Bournemouth,DEF,4.5,0,0,0,0,0,0,0,0,0,0,0,0
66,Soler,Bournemouth,DEF,4.0,0,0,0,0,0,0,0,0,0,0,0,0
76,Tóth.A,Bournemouth,MID,5.0,0,0,0,0,0,0,0,0,0,0,0,0
77,Adli,Bournemouth,MID,4.9,0,0,0,0,0,0,0,0,0,0,0,0
78,Kroupi.Jr,Bournemouth,MID,7.4,0,0,0,0,0,0,0,0,0,0,0,0
80,Enes Ünal,Bournemouth,FWD,5.5,0,0,0,0,0,0,0,0,0,0,0,0
81,Rodríguez,Bournemouth,FWD,6.0,0,0,0,0,0,0,0,0,0,0,0,0
83,Valdimarsson,Brentford,GKP,4.5,0,0,0,0,0,0,0,0,0,0,0,0
85,Van den Berg,Brentford,DEF,4.9,0,0,0,0,0,0,0,0,0,0,0,0
89,Henry,Brentford,DEF,4.5,0,0,0,0,0,0,0,0,0,0,0,0
92,Ji-soo,Brentford,DEF,4.5,0,0,0,0,0,0,0,0,0,0,0,0
97,Jensen,Brentford,MID,5.5,0,0,0,0,0,0,0,0,0,0,0,0
99,Milambo,Brentford,MID,5.0,0,0,0,0,0,0,0,0,0,0,0,0
100,Carvalho,Brentford,MID,5.0,0,0,0,0,0,0,0,0,0,0,0,0
101,Henderson,Chelsea,MID,5.0,0,0,0,0,0,0,0,0,0,0,0,0
102,Yarmoliuk,Brentford,MID,4.9,45,0,0,0,1,0,5,0,1,1,0,0
103,Dasilva,Brentford,MID,5.0,0,0,0,0,0,0,0,0,0,0,0,0
107,Furo,Brentford,FWD,4.5,0,0,0,0,0,0,0,0,0,0,0,0
111,Steele,Brighton,GKP,4.0,0,0,0,0,0,0,0,0,0,0,0,0
117,Coppola,Brighton,DEF,4.5,0,0,0,0,0,0,0,0,0,0,0,0
118,Igor,Brighton,DEF,4.5,0,0,0,0,0,0,0,0,0,0,0,0
120,Svoboda,Brighton,DEF,5.0,0,0,0,0,0,0,0,0,0,0,0,0
121,Mitoma,Brighton,MID,5.9,0,0,0,0,0,0,0,0,0,0,0,0
122,Minteh,Brighton,MID,5.9,0,0,0,0,0,0,0,0,0,0,0,0
123,Hinshelwood,Brighton,MID,6.0,0,0,0,0,0,0,0,0,0,0,0,0
125,Georginio,Brighton,FWD,5.5,0,0,0,0,0,0,0,0,0,0,0,0
126,O'Riley,Brighton,MID,5.5,0,0,0,0,0,0,0,0,0,0,0,0
128,Buonanotte,Brighton,MID,5.0,0,0,0,0,0,0,0,0,0,0,0,0
130,Wieffer,Brighton,DEF,5.0,0,0,0,0,0,0,0,0,0,0,0,0
131,Baleba,Man Utd,MID,5.0,0,0,0,0,0,0,0,0,0,0,0,0
132,Howell,Brighton,MID,4.5,0,0,0,0,0,0,0,0,0,0,0,0
133,Watson,Brighton,MID,5.0,0,0,0,0,0,0,0,0,0,0,0,0
134,Oriola,Brighton,MID,4.5,0,0,0,0,0,0,0,0,0,0,0,0
135,Yohanna,Brighton,MID,4.9,0,0,0,0,0,0,0,0,0,0,0,0
137,Tzimas,Brighton,FWD,5.5,0,0,0,0,0,0,0,0,0,0,0,0
139,Ferguson,Brighton,FWD,5.0,0,0,0,0,0,0,0,0,0,0,0,0
140,Sánchez,Chelsea,GKP,4.9,0,0,0,0,0,0,0,0,0,0,0,0
141,Jörgensen,Chelsea,GKP,5.0,0,0,0,0,0,0,0,0,0,0,0,0
143,Chalobah,Chelsea,DEF,5.5,0,0,0,0,0,0,0,0,0,0,0,0
146,B.Badiashile,Chelsea,DEF,4.5,0,0,0,0,0,0,0,0,0,0,0,0
147,Tosin,Spurs,DEF,4.4,0,0,0,0,0,0,0,0,0,0,0,0
149,Colwill,Chelsea,DEF,4.9,0,0,0,0,0,0,0,0,0,0,0,0
150,M.Sarr,Chelsea,DEF,4.5,0,0,0,0,0,0,0,0,0,0,0,0
152,Palestra,Chelsea,DEF,5.4,0,0,0,0,0,0,0,0,0,0,0,0
158,Gittens,Chelsea,MID,5.9,0,0,0,0,0,0,0,0,0,0,0,0
159,Caicedo,Chelsea,MID,5.4,0,0,0,0,0,0,0,0,0,0,0,0
163,D.Essugo,Chelsea,MID,4.5,0,0,0,0,0,0,0,0,0,0,0,0
164,Quenda,Chelsea,MID,5.4,0,0,0,0,0,0,0,0,0,0,0,0
168,Marc Guiu,Chelsea,FWD,5.0,0,0,0,0,0,0,0,0,0,0,0,0
169,Mheuka,Chelsea,FWD,4.5,0,0,0,0,0,0,0,0,0,0,0,0
170,Emegha,Chelsea,FWD,5.0,0,0,0,0,0,0,0,0,0,0,0,0
171,Dovin,Coventry City,GKP,4.0,0,0,0,0,0,0,0,0,0,0,0,0
172,Wilson,Coventry City,GKP,4.5,0,0,0,0,0,0,0,0,0,0,0,0
174,Kitching,Coventry City,DEF,4.0,0,0,0,0,0,0,0,0,0,0,0,0
177,Kesler-Hayden,Coventry City,DEF,4.0,0,0,0,0,0,0,0,0,0,0,0,0
178,Bidwell,Coventry City,DEF,4.0,0,0,0,0,0,0,0,0,0,0,0,0
179,Latibeaudiere,Coventry City,DEF,4.0,0,0,0,0,0,0,0,0,0,0,0,0
180,Woolfenden,Coventry City,DEF,4.0,0,0,0,0,0,0,0,0,0,0,0,0
181,Brau,Coventry City,DEF,4.0,0,0,0,0,0,0,0,0,0,0,0,0
185,Sakamoto,Coventry City,MID,4.9,0,0,0,0,0,0,0,0,0,0,0,0
187,Eccles,Coventry City,MID,4.9,0,0,0,0,0,0,0,0,0,0,0,0
188,Torp,Coventry City,MID,5.4,0,0,0,0,0,0,0,0,0,0,0,0
189,Shepherd,Coventry City,MID,4.5,0,0,0,0,0,0,0,0,0,0,0,0
191,Borges Rodrigues,Coventry City,MID,4.5,0,0,0,0,0,0,0,0,0,0,0,0
192,Andrews,Coventry City,MID,4.5,0,0,0,0,0,0,0,0,0,0,0,0
193,Wright,Coventry City,FWD,5.4,0,0,0,0,0,0,0,0,0,0,0,0
196,Markelo,Coventry City,FWD,5.0,0,0,0,0,0,0,0,0,0,0,0,0
197,Bassette,Coventry City,FWD,4.5,0,0,0,0,0,0,0,0,0,0,0,0
199,Benitez,Crystal Palace,GKP,4.5,0,0,0,0,0,0,0,0,0,0,0,0
205,Sosa,Crystal Palace,DEF,4.5,0,0,0,0,0,0,0,0,0,0,0,0
206,Chadi Riad,Crystal Palace,DEF,4.4,0,0,0,0,0,0,0,0,0,0,0,0
208,Sarr,Crystal Palace,MID,6.3,0,0,0,0,0,0,0,0,0,0,0,0
213,Lerma,Crystal Palace,MID,4.9,0,0,0,0,0,0,0,0,0,0,0,0
215,Devenny,Crystal Palace,MID,5.0,0,0,0,0,0,0,0,0,0,0,0,0
216,Esse,Crystal Palace,MID,5.0,0,0,0,0,0,0,0,0,0,0,0,0
217,M.França,Crystal Palace,MID,4.9,0,0,0,0,0,0,0,0,0,0,0,0
218,Doucouré,Crystal Palace,MID,4.9,0,0,0,0,0,0,0,0,0,0,0,0
219,J.Rak-Sakyi,Crystal Palace,MID,5.0,0,0,0,0,0,0,0,0,0,0,0,0
220,Cardines,Crystal Palace,DEF,4.5,0,0,0,0,0,0,0,0,0,0,0,0
221,Drakes-Thomas,Crystal Palace,MID,4.5,0,0,0,0,0,0,0,0,0,0,0,0
223,Mateta,Crystal Palace,FWD,6.4,0,0,0,0,0,0,0,0,0,0,0,0
225,Uche,Crystal Palace,FWD,5.0,0,0,0,0,0,0,0,0,0,0,0,0
227,Travers,Everton,GKP,5.0,0,0,0,0,0,0,0,0,0,0,0,0
228,King,Everton,GKP,4.5,0,0,0,0,0,0,0,0,0,0,0,0
231,Keane,Everton,DEF,4.9,0,0,0,0,0,0,0,0,0,0,0,0
232,O'Brien,Everton,DEF,4.9,0,0,0,0,0,0,0,0,0,0,0,0
234,Patterson,Everton,DEF,4.5,0,0,0,0,0,0,0,0,0,0,0,0
235,Aznou,Everton,DEF,4.0,0,0,0,0,0,0,0,0,0,0,0,0
240,Iroegbunam,Hull City,MID,5.0,0,0,0,0,0,0,0,0,0,0,0,0
241,McNeil,Crystal Palace,MID,5.4,0,0,0,0,0,0,0,0,0,0,0,0
243,Alcaraz,Everton,MID,5.0,0,0,0,0,0,0,0,0,0,0,0,0
245,Dibling,Everton,MID,5.4,0,0,0,0,0,0,0,0,0,0,0,0
248,Beto,Everton,FWD,5.4,0,0,0,0,0,0,0,0,0,0,0,0
251,Lecomte,Fulham,GKP,4.0,0,0,0,0,0,0,0,0,0,0,0,0
252,McNally,Fulham,GKP,4.0,0,0,0,0,0,0,0,0,0,0,0,0
255,J.Cuenca,Fulham,DEF,4.5,0,0,0,0,0,0,0,0,0,0,0,0
256,Tete,Fulham,DEF,4.5,0,0,0,0,0,0,0,0,0,0,0,0
260,Wilson,Leeds,MID,6.4,17,0,0,0,0,0,1,0,0,1,0,0
263,Kevin,Fulham,MID,5.4,0,0,0,0,0,0,0,0,0,0,0,0
266,Cairney,Fulham,MID,5.0,0,0,0,0,0,0,0,0,0,0,0,0
270,Reed,Fulham,MID,4.5,0,0,0,0,0,0,0,0,0,0,0,0
272,Kusi-Asare,Fulham,FWD,4.5,0,0,0,0,0,0,0,0,0,0,0,0
273,Phillips,Hull City,GKP,4.0,0,0,0,0,0,0,0,0,0,0,0,0
274,Butland,Hull City,GKP,4.5,0,0,0,0,0,0,0,0,0,0,0,0
275,Cartwright,Hull City,GKP,4.0,0,0,0,0,0,0,0,0,0,0,0,0
276,Lo-Tutala,Hull City,GKP,4.0,0,0,0,0,0,0,0,0,0,0,0,0
278,Hughes,Hull City,DEF,4.0,0,0,0,0,0,0,0,0,0,0,0,0
281,Drameh,Hull City,DEF,4.0,0,0,0,0,0,0,0,0,0,0,0,0
283,Jacob,Hull City,DEF,4.0,0,0,0,0,0,0,0,0,0,0,0,0
284,McCarthy,Hull City,DEF,4.0,0,0,0,0,0,0,0,0,0,0,0,0
285,McNair,Hull City,DEF,4.0,0,0,0,0,0,0,0,0,0,0,0,0
287,Millar,Hull City,MID,5.0,0,0,0,0,0,0,0,0,0,0,0,0
288,Dowell,Hull City,MID,4.5,0,0,0,0,0,0,0,0,0,0,0,0
289,Crooks,Hull City,MID,4.5,0,0,0,0,0,0,0,0,0,0,0,0
291,Matazo,Hull City,MID,4.5,0,0,0,0,0,0,0,0,0,0,0,0
292,Ömür,Hull City,MID,4.9,0,0,0,0,0,0,0,0,0,0,0,0
293,Kamara,Hull City,MID,5.0,0,0,0,0,0,0,0,0,0,0,0,0
294,Zambrano,Hull City,MID,4.5,0,0,0,0,0,0,0,0,0,0,0,0
296,Akintola,Hull City,MID,5.0,0,0,0,0,0,0,0,0,0,0,0,0
297,Gyabi,Hull City,MID,4.5,0,0,0,0,0,0,0,0,0,0,0,0
298,Destan,Hull City,FWD,4.5,0,0,0,0,0,0,0,0,0,0,0,0
299,Burstow,Hull City,FWD,4.5,0,0,0,0,0,0,0,0,0,0,0,0
300,Walton,Ipswich Town,GKP,4.5,0,0,0,0,0,0,0,0,0,0,0,0
301,Palmer,Ipswich Town,GKP,4.0,0,0,0,0,0,0,0,0,0,0,0,0
302,Button,Ipswich Town,GKP,4.0,0,0,0,0,0,0,0,0,0,0,0,0
303,Kipré,Ipswich Town,DEF,4.0,0,0,0,0,0,0,0,0,0,0,0,0
307,Johnson,Ipswich Town,DEF,4.0,0,0,0,0,0,0,0,0,0,0,0,0
308,Furlong,Ipswich Town,DEF,4.0,0,0,0,0,0,0,0,0,0,0,0,0
309,Núñez,Ipswich Town,MID,5.0,0,0,0,0,0,0,0,0,0,0,0,0
310,Matusiwa,Ipswich Town,MID,5.0,0,0,0,0,0,0,0,0,0,0,0,0
311,Burns,Ipswich Town,MID,5.0,0,0,0,0,0,0,0,0,0,0,0,0
312,Taylor,Ipswich Town,MID,4.5,0,0,0,0,0,0,0,0,0,0,0,0
314,Ogbene,Ipswich Town,MID,4.9,0,0,0,0,0,0,0,0,0,0,0,0
317,Hirst,Ipswich Town,FWD,5.0,0,0,0,0,0,0,0,0,0,0,0,0
318,Philogene,Ipswich Town,MID,5.4,0,0,0,0,0,0,0,0,0,0,0,0
319,Szmodics,Ipswich Town,MID,5.0,0,0,0,0,0,0,0,0,0,0,0,0
320,Akpom,Ipswich Town,FWD,5.0,0,0,0,0,0,0,0,0,0,0,0,0
321,Walle Egeli,Ipswich Town,FWD,4.5,0,0,0,0,0,0,0,0,0,0,0,0
322,Al-Hamadi,Ipswich Town,FWD,5.0,0,0,0,0,0,0,0,0,0,0,0,0
324,Mehmeti,Ipswich Town,MID,4.9,0,0,0,0,0,0,0,0,0,0,0,0
325,Darlow,Man Utd,GKP,4.5,0,0,0,0,0,0,0,0,0,0,0,0
326,Perri,Leeds,GKP,4.5,0,0,0,0,0,0,0,0,0,0,0,0
329,Rodon,Leeds,DEF,4.4,0,0,0,0,0,0,0,0,0,0,0,0
333,Bornauw,Leeds,DEF,4.5,0,0,0,0,0,0,0,0,0,0,0,0
339,Longstaff,Leeds,MID,4.9,0,0,0,0,0,0,0,0,0,0,0,0
340,Gelhardt,Hull City,MID,5.0,0,0,0,0,0,0,0,0,0,0,0,0
341,Gnonto,Leeds,MID,5.0,0,0,0,0,0,0,0,0,0,0,0,0
342,Harrison,Leeds,MID,5.0,0,0,0,0,0,0,0,0,0,0,0,0
343,James,Leeds,MID,5.0,0,0,0,0,0,0,0,0,0,0,0,0
344,Gruev,Leeds,MID,5.0,0,0,0,0,0,0,0,0,0,0,0,0
348,Piroe,Leeds,FWD,5.0,0,0,0,0,0,0,0,0,0,0,0,0
349,Mateo Joseph,Leeds,FWD,4.5,0,0,0,0,0,0,0,0,0,0,0,0
351,Mamardashvili,Liverpool,GKP,4.9,0,0,0,0,0,0,0,0,0,0,0,0
352,Woodman,Liverpool,GKP,4.0,0,0,0,0,0,0,0,0,0,0,0,0
353,Pecsi,Liverpool,GKP,4.0,0,0,0,0,0,0,0,0,0,0,0,0
354,Jaros,Liverpool,GKP,4.0,0,0,0,0,0,0,0,0,0,0,0,0
355,Davies,Liverpool,GKP,4.0,0,0,0,0,0,0,0,0,0,0,0,0
357,Frimpong,Liverpool,DEF,5.4,0,0,0,0,0,0,0,0,0,0,0,0
359,Gomez,Liverpool,DEF,5.0,0,0,0,0,0,0,0,0,0,0,0,0
360,Bradley,Liverpool,DEF,5.0,0,0,0,0,0,0,0,0,0,0,0,0
361,Lucky,Liverpool,DEF,4.0,0,0,0,0,0,0,0,0,0,0,0,0
363,Leoni,Liverpool,DEF,4.0,0,0,0,0,0,0,0,0,0,0,0,0
364,Tsimikas,Liverpool,DEF,5.0,0,0,0,0,0,0,0,0,0,0,0,0
365,Ramsay,Liverpool,DEF,4.0,0,0,0,0,0,0,0,0,0,0,0,0
369,Ngumoha,Liverpool,MID,5.9,0,0,0,0,0,0,0,0,0,0,0,0
370,Chiesa,Liverpool,MID,5.4,0,0,0,0,0,0,0,0,0,0,0,0
373,C.Jones,Liverpool,MID,5.5,0,0,0,0,0,0,0,0,0,0,0,0
374,Endo,Liverpool,MID,5.0,0,0,0,0,0,0,0,0,0,0,0,0
376,Bajcetic,Liverpool,MID,5.0,0,0,0,0,0,0,0,0,0,0,0,0
378,McConnell,Liverpool,MID,4.5,0,0,0,0,0,0,0,0,0,0,0,0
380,Ekitiké,Liverpool,FWD,7.5,0,0,0,0,0,0,0,0,0,0,0,0
382,Danns,Liverpool,FWD,4.5,0,0,0,0,0,0,0,0,0,0,0,0
383,Elliott,Liverpool,MID,5.4,0,0,0,0,0,0,0,0,0,0,0,0
386,Bettinelli,Man City,GKP,4.5,0,0,0,0,0,0,0,0,0,0,0,0
387,O'Reilly,Man City,DEF,6.5,0,0,0,0,0,0,0,0,0,0,0,0
389,Matheus N.,Man City,DEF,5.9,0,0,0,0,0,0,0,0,0,0,0,0
392,Aït-Nouri,Man City,DEF,5.4,0,0,0,0,0,0,0,0,0,0,0,0
394,Alleyne,Man City,DEF,5.0,0,0,0,0,0,0,0,0,0,0,0,0
395,Lewis,Man City,DEF,4.5,0,0,0,0,0,0,0,0,0,0,0,0
396,Vitor Reis,Man City,DEF,4.5,0,0,0,0,0,0,0,0,0,0,0,0
400,Doku,Man City,MID,7.4,0,0,0,0,0,0,0,0,0,0,0,0
402,Rodrigo,Man City,MID,6.5,0,0,0,0,0,0,0,0,0,0,0,0
404,Reijnders,Man City,MID,6.0,0,0,0,0,0,0,0,0,0,0,0,0
406,Kovačić,Man City,MID,5.4,0,0,0,0,0,0,0,0,0,0,0,0
407,Echeverri,Man City,MID,4.9,0,0,0,0,0,0,0,0,0,0,0,0
408,Phillips,Man City,MID,5.0,0,0,0,0,0,0,0,0,0,0,0,0
409,Mukasa,Man City,MID,4.5,0,0,0,0,0,0,0,0,0,0,0,0
410,Monga,Man City,MID,4.9,0,0,0,0,0,0,0,0,0,0,0,0
413,Bayindir,Man Utd,GKP,4.5,0,0,0,0,0,0,0,0,0,0,0,0
414,Heaton,Man Utd,GKP,4.0,0,0,0,0,0,0,0,0,0,0,0,0
416,De Ligt,Man Utd,DEF,5.0,0,0,0,0,0,0,0,0,0,0,0,0
421,Heaven,Man Utd,DEF,4.4,0,0,0,0,0,0,0,0,0,0,0,0
424,Amass,Man Utd,DEF,4.0,0,0,0,0,0,0,0,0,0,0,0,0
425,Fredricson,Man Utd,DEF,4.0,0,0,0,0,0,0,0,0,0,0,0,0
430,Mount,Man Utd,MID,5.4,0,0,0,0,0,0,0,0,0,0,0,0
431,Amad,Man Utd,MID,5.8,0,0,0,0,0,0,0,0,0,0,0,0
433,Ugarte,Man Utd,MID,5.0,0,0,0,0,0,0,0,0,0,0,0,0
434,J.Fletcher,Man Utd,MID,5.0,0,0,0,0,0,0,0,0,0,0,0,0
435,Lacey,Man Utd,MID,5.0,0,0,0,0,0,0,0,0,0,0,0,0
436,Collyer,Man Utd,MID,5.0,0,0,0,0,0,0,0,0,0,0,0,0
437,Bendito Mantato,Man Utd,MID,4.5,0,0,0,0,0,0,0,0,0,0,0,0
438,Fletcher,Man Utd,MID,4.5,0,0,0,0,0,0,0,0,0,0,0,0
440,Zirkzee,Man Utd,FWD,5.4,0,0,0,0,0,0,0,0,0,0,0,0
441,Obi,Man Utd,FWD,4.5,0,0,0,0,0,0,0,0,0,0,0,0
442,Pope,Newcastle,GKP,5.0,0,0,0,0,0,0,0,0,0,0,0,0
443,Gillespie,Newcastle,GKP,4.5,0,0,0,0,0,0,0,0,0,0,0,0
444,Jaouen,Newcastle,GKP,4.5,0,0,0,0,0,0,0,0,0,0,0,0
446,Schär,Newcastle,DEF,5.0,0,0,0,0,0,0,0,0,0,0,0,0
448,Burn,Newcastle,DEF,4.9,0,0,0,0,0,0,0,0,0,0,0,0
451,A.Murphy,Newcastle,DEF,4.0,0,0,0,0,0,0,0,0,0,0,0,0
452,Bruno G.,Arsenal,MID,6.8,0,0,0,0,0,0,0,0,0,0,0,0
458,Joelinton,Newcastle,MID,5.4,0,0,0,0,0,0,0,0,0,0,0,0
461,Touré,Newcastle,MID,5.9,0,0,0,0,0,0,0,0,0,0,0,0
463,Woltemade,Newcastle,FWD,5.9,0,0,0,0,0,0,0,0,0,0,0,0
465,Osula,Newcastle,FWD,5.9,0,0,0,0,0,0,0,0,0,0,0,0
466,Neave,Newcastle,FWD,4.5,0,0,0,0,0,0,0,0,0,0,0,0
468,John,Nott'm Forest,GKP,4.5,0,0,0,0,0,0,0,0,0,0,0,0
470,Morato,Nott'm Forest,DEF,5.0,0,0,0,0,0,0,0,0,0,0,0,0
475,Savona,Nott'm Forest,DEF,4.5,0,0,0,0,0,0,0,0,0,0,0,0
476,O.Richards,Nott'm Forest,DEF,4.0,0,0,0,0,0,0,0,0,0,0,0,0
477,Abbott,Nott'm Forest,DEF,4.0,0,0,0,0,0,0,0,0,0,0,0,0
478,Netz,Nott'm Forest,DEF,4.5,0,0,0,0,0,0,0,0,0,0,0,0
479,Bindon,Nott'm Forest,DEF,4.0,0,0,0,0,0,0,0,0,0,0,0,0
482,Hudson-Odoi,Nott'm Forest,MID,5.9,0,0,0,0,0,0,0,0,0,0,0,0
484,Hutchinson,Nott'm Forest,MID,5.4,0,0,0,0,0,0,0,0,0,0,0,0
485,Bakwa,Nott'm Forest,MID,5.5,0,0,0,0,0,0,0,0,0,0,0,0
487,Dominguez,Nott'm Forest,MID,4.9,0,0,0,0,0,0,0,0,0,0,0,0
488,I.Sangaré,Nott'm Forest,MID,4.9,0,0,0,0,0,0,0,0,0,0,0,0
489,Yates,Nott'm Forest,MID,4.5,0,0,0,0,0,0,0,0,0,0,0,0
493,Kalimuendo,Nott'm Forest,FWD,5.4,0,0,0,0,0,0,0,0,0,0,0,0
494,Vicario,Spurs,GKP,4.5,0,0,0,0,0,0,0,0,0,0,0,0
495,Austin,Spurs,GKP,4.0,0,0,0,0,0,0,0,0,0,0,0,0
497,Dubravka,Spurs,GKP,4.0,0,0,0,0,0,0,0,0,0,0,0,0
498,Senesi,Spurs,DEF,5.9,0,0,0,0,0,0,0,0,0,0,0,0
500,Romero,Spurs,DEF,5.0,0,0,0,0,0,0,0,0,0,0,0,0
505,Spence,Spurs,DEF,4.5,0,0,0,0,0,0,0,0,0,0,0,0
507,Phillips,Spurs,DEF,4.5,0,0,0,0,0,0,0,0,0,0,0,0
508,Davies,Spurs,DEF,4.0,0,0,0,0,0,0,0,0,0,0,0,0
509,Byfield,Spurs,DEF,4.0,0,0,0,0,0,0,0,0,0,0,0,0
510,Rowswell,Spurs,DEF,4.0,0,0,0,0,0,0,0,0,0,0,0,0
511,Souza,Spurs,DEF,4.0,0,0,0,0,0,0,0,0,0,0,0,0
513,Xavi,Spurs,MID,6.0,0,0,0,0,0,0,0,0,0,0,0,0
515,Maddison,Spurs,MID,6.4,0,0,0,0,0,0,0,0,0,0,0,0
517,Odobert,Spurs,MID,5.5,0,0,0,0,0,0,0,0,0,0,0,0
518,P.M.Sarr,Spurs,MID,4.9,0,0,0,0,0,0,0,0,0,0,0,0
520,Bergvall,Spurs,MID,5.4,0,0,0,0,0,0,0,0,0,0,0,0
521,Kulusevski,Spurs,MID,6.5,0,0,0,0,0,0,0,0,0,0,0,0
522,Gray,Spurs,MID,5.0,0,0,0,0,0,0,0,0,0,0,0,0
523,Moore,Spurs,MID,5.0,0,0,0,0,0,0,0,0,0,0,0,0
524,Olusesi,Spurs,MID,4.5,0,0,0,0,0,0,0,0,0,0,0,0
525,Fernandes,Spurs,MID,5.9,7,0,0,0,0,0,0,0,-1,1,0,0
527,Richarlison,Spurs,FWD,5.9,0,0,0,0,0,0,0,0,0,0,0,0
528,Scarlett,Spurs,FWD,4.5,0,0,0,0,0,0,0,0,0,0,0,0
530,Patterson,Sunderland,GKP,4.0,0,0,0,0,0,0,0,0,0,0,0,0
531,Ellborg,Sunderland,GKP,4.5,0,0,0,0,0,0,0,0,0,0,0,0
535,Alderete,Sunderland,DEF,4.9,0,0,0,0,0,0,0,0,0,0,0,0
537,Seelt,Sunderland,DEF,4.5,0,0,0,0,0,0,0,0,0,0,0,0
538,Hjelde,Sunderland,DEF,4.0,0,0,0,0,0,0,0,0,0,0,0,0
539,O'Nien,Sunderland,DEF,4.0,0,0,0,0,0,0,0,0,0,0,0,0
540,Masuaku,Sunderland,DEF,4.0,0,0,0,0,0,0,0,0,0,0,0,0
543,Diarra,Sunderland,MID,5.4,0,0,0,0,0,0,0,0,0,0,0,0
546,Adingra,Sunderland,MID,4.9,0,0,0,0,0,0,0,0,0,0,0,0
547,Mundle,Sunderland,MID,5.0,0,0,0,0,0,0,0,0,0,0,0,0
548,Rigg,Sunderland,MID,5.0,0,0,0,0,0,0,0,0,0,0,0,0
549,Talbi,Sunderland,MID,5.4,0,0,0,0,0,0,0,0,0,0,0,0
550,Jocelin.T,Sunderland,MID,5.0,0,0,0,0,0,0,0,0,0,0,0,0
554,Van Oevelen,Ipswich Town,GKP,4.5,0,0,0,0,0,0,0,0,0,0,0,0
555,Matthews,Crystal Palace,GKP,4.0,0,0,0,0,0,0,0,0,0,0,0,0
556,Targett,Hull City,DEF,4.0,0,0,0,0,0,0,0,0,0,0,0,0
559,Bamba,Newcastle,MID,4.9,0,0,0,0,0,0,0,0,0,0,0,0
560,Penders,Chelsea,GKP,4.5,0,0,0,0,0,0,0,0,0,0,0,0
561,Anselmino,Chelsea,DEF,4.5,0,0,0,0,0,0,0,0,0,0,0,0
563,Morita,Hull City,MID,5.0,0,0,0,0,0,0,0,0,0,0,0,0
565,M.Sangaré,Brentford,MID,5.7,45,0,0,0,0,0,5,0,0,1,0,0
568,Barco,Chelsea,MID,5.5,0,0,0,0,0,0,0,0,0,0,0,0
571,Florentino,Ipswich Town,MID,4.9,0,0,0,0,0,0,0,0,0,0,0,0
573,Sanchez,Bournemouth,DEF,4.5,0,0,0,0,0,0,0,0,0,0,0,0
577,Tomiyasu,Crystal Palace,DEF,4.5,0,0,0,0,0,0,0,0,0,0,0,0
582,Madjo,Aston Villa,FWD,5.5,0,0,0,0,0,0,0,0,0,0,0,0
587,Rulli,Man City,GKP,5.0,0,0,0,0,0,0,0,0,0,0,0,0
590,Benda,Nott'm Forest,GKP,4.5,0,0,0,0,0,0,0,0,0,0,0,0
594,David,Brighton,FWD,6.0,13,0,0,0,0,0,0,0,-7,1,0,0
595,Gozo,Crystal Palace,MID,5.0,0,0,0,0,0,0,0,0,0,0,0,0
599,Cherif,Coventry City,FWD,5.0,0,0,0,0,0,0,0,0,0,0,0,0
600,Osman,Brighton,MID,5.0,0,0,0,0,0,0,0,0,0,0,0,0
601,Williams-Barnett,Spurs,MID,4.5,0,0,0,0,0,0,0,0,0,0,0,0
602,Humphreys,Ipswich Town,MID,4.5,0,0,0,0,0,0,0,0,0,0,0,0
603,Lienou,Leeds,DEF,4.0,0,0,0,0,0,0,0,0,0,0,0,0
604,Cresswell,Leeds,MID,4.5,0,0,0,0,0,0,0,0,0,0,0,0
606,Rowe,Aston Villa,DEF,4.0,0,0,0,0,0,0,0,0,0,0,0,0
607,Lynch,Aston Villa,MID,4.5,0,0,0,0,0,0,0,0,0,0,0,0
609,Shahar,Newcastle,DEF,4.0,0,0,0,0,0,0,0,0,0,0,0,0
610,De Fougerolles,Fulham,DEF,4.0,0,0,0,0,0,0,0,0,0,0,0,0
612,Methalie,Sunderland,DEF,4.5,0,0,0,0,0,0,0,0,0,0,0,0
613,Ahoka,Sunderland,MID,4.5,0,0,0,0,0,0,0,0,0,0,0,0
614,Hadjam,Brighton,DEF,4.5,0,0,0,0,0,0,0,0,0,0,0,0
615,Di Gregorio,Bournemouth,GKP,4.5,0,0,0,0,0,0,0,0,0,0,0,0
618,Goretzka,Aston Villa,MID,6.0,0,0,0,0,0,0,0,0,0,0,0,0
620,Diouf,Brentford,DEF,4.5,0,0,0,0,0,0,0,0,0,0,0,0
622,Braithwaite,Man City,DEF,4.0,0,0,0,0,0,0,0,0,0,0,0,0
623,Bentley,Coventry City,GKP,4.0,0,0,0,0,0,0,0,0,0,0,0,0
624,Cozier-Duberry,Brighton,MID,5.0,0,0,0,0,0,0,0,0,0,0,0,0
625,Cairns,Leeds,GKP,4.0,0,0,0,0,0,0,0,0,0,0,0,0
626,Zepa,Fulham,MID,4.5,0,0,0,0,0,0,0,0,0,0,0,0
628,Allan,Man City,MID,6.0,0,0,0,0,0,0,0,0,0,0,0,0
629,Zetterer,Leeds,GKP,4.0,0,0,0,0,0,0,0,0,0,0,0,0
630,Harwood-Bellis,Aston Villa,DEF,4.5,0,0,0,0,0,0,0,0,0,0,0,0
631,Mbaye,Aston Villa,MID,6.0,0,0,0,0,0,0,0,0,0,0,0,0
632,Ansah,Hull City,FWD,5.0,0,0,0,0,0,0,0,0,0,0,0,0
633,Ahanor,Crystal Palace,DEF,4.5,0,0,0,0,0,0,0,0,0,0,0,0
636,Ángel,Fulham,MID,5.0,0,0,0,0,0,0,0,0,0,0,0,0
637,Vaz,Hull City,FWD,5.0,0,0,0,0,0,0,0,0,0,0,0,0
639,Andrés,Brighton,MID,5.5,0,0,0,0,0,0,0,0,0,0,0,0
641,Bard,Leeds,DEF,4.5,0,0,0,0,0,0,0,0,0,0,0,0
645,Mouzakitis,Hull City,MID,5.0,0,0,0,0,0,0,0,0,0,0,0,0
648,Bahoya,Leeds,MID,5.0,0,0,0,0,0,0,0,0,0,0,0,0
650,Affengruber,Fulham,DEF,4.5,0,0,0,0,0,0,0,0,0,0,0,0
651,J.Angulo,Sunderland,FWD,4.5,0,0,0,0,0,0,0,0,0,0,0,0
652,Azeez,Brighton,MID,5.5,0,0,0,0,0,0,0,0,0,0,0,0
653,Samba,Man City,MID,4.5,0,0,0,0,0,0,0,0,0,0,0,0
654,Graham,Everton,MID,4.5,0,0,0,0,0,0,0,0,0,0,0,0
445,Thiaw,Newcastle,DEF,5.0,90,0,0,0,2,0,3,0,0,0,0,-1
